Month,Years,Discount_Factor,Zero_Rate
1,0.08333333333333333,0.9964553922710236,4.261085682762267
2,0.16666666666666666,0.9930743815866984,4.169827088446606
3,0.25,0.9897048427989941,4.139407557008039
4,0.3333333333333333,0.9865797033831933,4.053348803862895
5,0.4166666666666667,0.9834644320572977,4.001713551975792
6,0.5,0.9803589976613537,3.967290050717742
7,0.5833333333333334,0.9775865517823146,3.8860194890706197
8,0.6666666666666666,0.9748219463537334,3.825066567835279
9,0.75,0.9720651592028913,3.777658740207791
10,0.8333333333333334,0.9693161682197733,3.7397324781058088
11,0.9166666666666666,0.9665749513568919,3.7087019000223527
12,1.0,0.963841486629109,3.68284308495282
13,1.0833333333333333,0.9614552686653759,3.6283603831765245
14,1.1666666666666667,0.9590749583495801,3.581660924511136
15,1.25,0.9567005410559396,3.5411880603344623
16,1.3333333333333333,0.9543320021948817,3.505774304179875
17,1.4166666666666667,0.9519693272129538,3.474526872278763
18,1.5,0.9496125015927337,3.44675137725556
19,1.5833333333333333,0.9472615108527407,3.421899618550586
20,1.6666666666666667,0.9449163405473463,3.3995330357161078
21,1.75,0.9425769762666857,3.379296603627767
22,1.8333333333333333,0.9402434036365689,3.360899847183823
23,1.9166666666666667,0.9379156083183927,3.344102808691532
24,2.0,0.9355935760090528,3.3287055234069274
25,2.0833333333333335,0.9332228744320012,3.317338911051926
26,2.1666666666666665,0.9308581799782472,3.306846653493465
27,2.25,0.9284994774263344,3.2971316001985893
28,2.3333333333333335,0.9261467515933763,3.28811047928192
29,2.4166666666666665,0.9237999873349583,3.279711504635368
30,2.5,0.92145916954504,3.2718724616319195
31,2.5833333333333335,0.9191242831558587,3.2645391633383696
32,2.6666666666666665,0.9167953131378315,3.2576641961881676
33,2.75,0.9144722444994591,3.251205893713734
34,2.8333333333333335,0.9121550622872292,3.2451274913848556
35,2.9166666666666665,0.9098437515855202,3.239396426331914
36,3.0,0.9075382975165053,3.233983753781914
37,3.0833333333333335,0.9050890308430339,3.234225843202266
38,3.1666666666666665,0.9026463742567118,3.2344551910741774
39,3.25,0.9002103099182187,3.23467277751676
40,3.3333333333333335,0.8977808200363794,3.234879484637216
41,3.4166666666666665,0.8953578868680335,3.235076108483502
42,3.5,0.892941492717906,3.235263369289488
43,3.5833333333333335,0.8905316199384777,3.2354419202905444
44,3.6666666666666665,0.8881282509298568,3.235612355337008
45,3.75,0.88573136813965,3.2357752154925175
46,3.8333333333333335,0.8833409540628345,3.2359309947717003
47,3.9166666666666665,0.8809569912416302,3.2360801451453862
48,4.0,0.8785794622653718,3.236223080920168
49,4.083333333333333,0.8760567871305187,3.2405966854375654
50,4.166666666666667,0.8735413553812778,3.244795345774265
51,4.25,0.8710331462196339,3.2488293527644285
52,4.333333333333333,0.8685321389072898,3.252708205639586
53,4.416666666666667,0.8660383127654941,3.256440686708132
54,4.5,0.8635516471748709,3.260034927737104
55,4.583333333333333,0.8610721215752486,3.2634984690922937
56,4.666666666666667,0.8585997154654903,3.266838312541943
57,4.75,0.8561344084033244,3.27006096850213
58,4.833333333333333,0.8536761800051755,3.273172498394724
59,4.916666666666667,0.8512250099459955,3.2761785526977385
60,5.0,0.848780877959096,3.2790844051906536
61,5.083333333333333,0.8459353156978142,3.291391107247598
62,5.166666666666667,0.8430992932657075,3.303300818915611
63,5.25,0.8402727786802249,3.3148324444989226
64,5.333333333333333,0.8374557400660373,3.3260037067827577
65,5.416666666666667,0.834648145654679,3.3368312379193963
66,5.5,0.8318499637841891,3.347330662051894
67,5.583333333333333,0.8290611628987538,3.3575166705386477
68,5.666666666666667,0.8262817115483515,3.3674030905404946
69,5.75,0.8235115783883976,3.377002947643738
70,5.833333333333333,0.8207507321793911,3.386328523115461
71,5.916666666666667,0.8179991417865623,3.3953914063203743
72,6.0,0.8152567761795217,3.4042025427695957
73,6.083333333333333,0.8125236044319103,3.412772278220208
74,6.166666666666667,0.8097995957210501,3.4211103991991845
75,6.25,0.8070847193275976,3.4292261702853857
76,6.333333333333333,0.8043789446351964,3.437128368448267
77,6.416666666666667,0.8016822411301325,3.4448253147108114
78,6.5,0.7989945784009898,3.452324903376884
79,6.583333333333333,0.7963159261383076,3.4596346290387476
80,6.666666666666667,0.7936462541342382,3.4667616115590687
81,6.75,0.7909855322822069,3.473712619202344
82,6.833333333333333,0.7883337305765722,3.480494090073831
83,6.916666666666667,0.785690819112287,3.4871121520086557
84,7.0,0.783056768084562,3.4935726410402705
85,7.083333333333333,0.7800904708283973,3.506052392231726
86,7.166666666666667,0.777135410202539,3.518241916651289
87,7.25,0.7741915436415091,3.5301512221186764
88,7.333333333333333,0.771258828741072,3.5417898615527132
89,7.416666666666667,0.7683372232576232,3.55316695852756
90,7.5,0.7654266851075817,3.5642912311251878
91,7.583333333333333,0.7625271723667829,3.5751710142151754
92,7.666666666666667,0.7596386432698754,3.5858142802814656
93,7.75,0.7567610562097189,3.596228658905472
94,7.833333333333333,0.7538943697367851,3.606421455005563
95,7.916666666666667,0.7510385425585608,3.6163996659246007
96,8.0,0.7481935335389532,3.6261699974494896
97,8.083333333333334,0.7453593016976965,3.635738878839846
98,8.166666666666666,0.7425358062097628,3.645112476936521
99,8.25,0.7397230064047731,3.6542967094150822
100,8.333333333333334,0.7369208617664121,3.6632972572440714
101,8.416666666666666,0.7341293319318444,3.6721195764031793
102,8.5,0.7313483766911327,3.680768908912109
103,8.583333333333334,0.7285779559866593,3.6892502932169826
104,8.666666666666666,0.7258180299125488,3.69756857397753
105,8.75,0.7230685587140929,3.70572841129502
106,8.833333333333334,0.7203295027871782,3.7137342894178413
107,8.916666666666666,0.717600822677716,3.721590524958928
108,9.0,0.7148824790810732,3.729301274656661
109,9.083333333333334,0.7121744328415067,3.736870542708563
110,9.166666666666666,0.7094766449515996,3.7443021877049754
111,9.25,0.7067890765516982,3.7515999291879405
112,9.333333333333334,0.7041116889293539,3.758767353858708
113,9.416666666666666,0.7014444435187643,3.7658079214556586
114,9.5,0.6987873019002182,3.772724970322837
115,9.583333333333334,0.696140225799542,3.7795217226879765
116,9.666666666666666,0.6935031770875486,3.7862012896675132
117,9.75,0.6908761177794881,3.7927666760149186
118,9.833333333333334,0.6882590100345005,3.7992207846276225
119,9.916666666666666,0.685651816155071,3.805566420826667
120,10.0,0.6830544985864863,3.8118062964223958
121,10.083333333333334,0.680144044868191,3.8226512980802068
122,10.166666666666666,0.6772459924163596,3.8333185128255955
123,10.25,0.6743602883899492,3.8438122769247163
124,10.333333333333334,0.6714868801730692,3.8541367867641756
125,10.416666666666666,0.6686257153740225,3.8642961044462023
126,10.5,0.6657767418243493,3.874294163117403
127,10.583333333333334,0.6629399075778769,3.8841347720457513
128,10.666666666666666,0.6601151609097718,3.8938216214595935
129,10.75,0.6573024503155971,3.903358287161593
130,10.833333333333334,0.6545017245103729,3.912748234929716
131,10.916666666666666,0.6517129324276418,3.921994824716645
132,11.0,0.6489360232185372,3.93110131465832
133,11.083333333333334,0.6461709462508566,3.940070864901621
134,11.166666666666666,0.6434176511081381,3.9489065412606954
135,11.25,0.6406760875887414,3.9576113187107467
136,11.333333333333334,0.6379462057049323,3.9661880847277087
137,11.416666666666666,0.6352279556819714,3.974639642481649
138,11.5,0.6325212879572063,3.982968713891329
139,11.583333333333334,0.6298261531791679,3.991177942546914
140,11.666666666666666,0.6271425022066712,3.999269896507417
141,11.75,0.6244702861079182,4.007247070979122
142,11.833333333333334,0.6218094561596069,4.0151118908807995
143,11.916666666666666,0.619159963846042,4.022866713301336
144,12.0,0.6165217608582505,4.030513829854921
145,12.083333333333334,0.6138947990931013,4.0380554689388015
146,12.166666666666666,0.6112790306524277,4.045493797898245
147,12.25,0.6086744078421542,4.052830925103138
148,12.333333333333334,0.6060808831714268,4.060068901940397
149,12.416666666666666,0.6034984093517473,4.067209724726151
150,12.5,0.6009269392961105,4.074255336541427
151,12.583333333333334,0.5983664261181467,4.081207628994911
152,12.666666666666666,0.5958168231312657,4.0880684439161135
153,12.75,0.5932780838478062,4.094839574982135
154,12.833333333333334,0.5907501619781879,4.101522769281066
155,12.916666666666666,0.5882330114300677,4.1081197288148505
156,13.0,0.5857265863074991,4.1146321119443545
157,13.083333333333334,0.5832308409100955,4.121061534779215
158,13.166666666666666,0.5807457297321967,4.127409572514902
159,13.25,0.5782712074620397,4.13367776071932
160,13.333333333333334,0.575807228980932,4.139867596571185
161,13.416666666666666,0.5733537493624288,4.145980540052218
162,13.5,0.5709107238715145,4.152018015095214
163,13.583333333333334,0.5684781079637868,4.157981410689828
164,13.666666666666666,0.566055857284644,4.1638720819479245
165,13.75,0.5636439276684769,4.169691351130165
166,13.833333333333334,0.5612422751378633,4.175440508635511
167,13.916666666666666,0.558850855902766,4.181120813955163
168,14.0,0.5564696263597344,4.186733496592439
169,14.083333333333334,0.55409854309111,4.192279756949985
170,14.166666666666666,0.5517375628642338,4.197760767185676
171,14.25,0.5493866426306588,4.203177672038494
172,14.333333333333334,0.5470457395253648,4.208531589625582
173,14.416666666666666,0.5447148108659768,4.2138236122116615
174,14.5,0.5423938141519867,4.219054806951926
175,14.583333333333334,0.5400827070639787,4.224226216609444
176,14.666666666666666,0.5377814474628572,4.229338860248126
177,14.75,0.535489993389079,4.234393733902192
178,14.833333333333334,0.5332083030618879,4.239391811223063
179,14.916666666666666,0.5309363348785529,4.2443340441045985
180,15.0,0.5286740474136096,4.249221363287447
181,15.083333333333334,0.526342831888215,4.2550442446722
182,15.166666666666666,0.5240218959781191,4.260803138349429
183,15.25,0.5217111943548272,4.266499093297946
184,15.333333333333334,0.5194106818897228,4.272133135692673
185,15.416666666666666,0.5171203136531868,4.277706269520971
186,15.5,0.5148400449137188,4.283219477179072
187,15.583333333333334,0.512569831137065,4.288673720049386
188,15.666666666666666,0.5103096279853472,4.294069939059379
189,15.75,0.5080593913161977,4.2994090552227044
190,15.833333333333334,0.5058190771818967,4.304691970163256
191,15.916666666666666,0.503588641828514,4.3099195666227565
192,16.0,0.5013680416950549,4.315092708952471
193,16.083333333333332,0.499157233412609,4.3202122435896495
194,16.166666666666668,0.4969561738035033,4.325278999519227
195,16.25,0.4947648198804592,4.330293788721322
196,16.333333333333332,0.49258312884575245,4.335257406605029
197,16.416666666666668,0.4904110580903777,4.340170632429003
198,16.5,0.48824856519321636,4.3450342297093
199,16.583333333333332,0.48609560792020773,4.349848946614921
200,16.666666666666668,0.4839521442235243,4.354615516351486
201,16.75,0.48181813224075104,4.359334657533457
202,16.833333333333332,0.479693530294067,4.36400707454531
203,16.916666666666668,0.47757829688943193,4.368633457892023
204,17.0,0.4754723907157757,4.3732144845392575
205,17.083333333333332,0.47337577064419134,4.377750818243592
206,17.166666666666668,0.471288395727132,4.3822431098731265
207,17.25,0.4692102251976113,4.386691997718803
208,17.333333333333332,0.4671412184684067,4.39109810779673
209,17.416666666666668,0.46508133513126737,4.395462054141855
210,17.5,0.4630305349561246,4.399784439093216
211,17.583333333333332,0.46098877789030634,4.4040658535711055
212,17.666666666666668,0.4589560240577547,4.408306877346373
213,17.75,0.45693223375824765,4.412508079302155
214,17.833333333333332,0.454917367466623,4.416670017688256
215,17.916666666666668,0.45291138583200685,4.42079324036844
216,18.0,0.4509142496770453,4.424878285060845
217,18.083333333333332,0.4489259199971388,4.428925679571753
218,18.166666666666668,0.4469463579596805,4.432935942022928
219,18.25,0.44497552490329817,4.4369095810727215
220,18.333333333333332,0.4430133823370988,4.4408470961311535
221,18.416666666666668,0.44105989193991674,4.444748977569148
222,18.5,0.4391150155595659,4.448615706922115
223,18.583333333333332,0.437178715212094,4.45244775708806
224,18.666666666666668,0.4352509530810409,4.45624559252038
225,18.75,0.4333316915167003,4.460009669415524
226,18.833333333333332,0.43142089303538406,4.463740435895668
227,18.916666666666668,0.42951852031869026,4.467438332186559
228,19.0,0.42762453621277474,4.471103790790686
229,19.083333333333332,0.42573890372762463,4.474737236655915
230,19.166666666666668,0.42386158603633667,4.478339087339705
231,19.25,0.42199254647439804,4.481909753169091
232,19.333333333333332,0.42013174853896945,4.485449637396499
233,19.416666666666668,0.418279155888173,4.4889591363515695
234,19.5,0.41643473234038236,4.492438639589076
235,19.583333333333332,0.41459844187351563,4.49588853003307
236,19.666666666666668,0.41277024862433237,4.49930918411737
237,19.75,0.4109501168877328,4.502700971922477
238,19.833333333333332,0.4091380111160608,4.506064257309054
239,19.916666666666668,0.40733389591840924,4.5093993980480445
240,20.0,0.40553773605992927,4.512706745947543
241,20.083333333333332,0.404147591521834,4.511079546159453
242,20.166666666666668,0.4027622122661401,4.509465794303495
243,20.25,0.40138158195791596,4.507865324355816
244,20.333333333333332,0.4000056843182241,4.5062779730142655
245,20.416666666666668,0.3986345031239298,4.50470357964285
246,20.5,0.39726802220750973,4.503141986217544
247,20.583333333333332,0.3959062254568614,4.501593037273415
248,20.666666666666668,0.39454909681511285,4.5000565798530285
249,20.75,0.3931966202804337,4.498532463456098
250,20.833333333333332,0.39184877990584616,4.497020539990345
251,20.916666666666668,0.39050555979903734,4.4955206637235205
252,21.0,0.38916694412217157,4.494032691236592
253,21.083333333333332,0.3878329170917037,4.492556481378019
254,21.166666666666668,0.3865034629781932,4.491091895219119
255,21.25,0.3851785661061185,4.489638796010486
256,21.333333333333332,0.3838582108536922,4.488197049139419
257,21.416666666666668,0.38254238165267684,4.486766522088361
258,21.5,0.38123106298820153,4.485347084394289
259,21.583333333333332,0.37992423939857883,4.48393860760905
260,21.666666666666668,0.37862189547512226,4.482540965260622
261,21.75,0.3773240158619653,4.481154032815246
262,21.833333333333332,0.3760305852558794,4.479777687640445
263,21.916666666666668,0.3747415884060942,4.478411808968876
264,22.0,0.3734570101141177,4.477056277862999
265,22.083333333333332,0.37217683523355655,4.475710977180564
266,22.166666666666668,0.37090104866993806,4.474375791540853
267,22.25,0.36962963538053173,4.473050607291703
268,22.333333333333332,0.3683625803741723,4.471735312477247
269,22.416666666666668,0.3670998687110826,4.4704297968063935
270,22.5,0.36584148550269774,4.46913395162199
271,22.583333333333332,0.36458741591148935,4.467847669870682
272,22.666666666666668,0.36333764515079064,4.466570846073428
273,22.75,0.3620921584846222,4.465303376296666
274,22.833333333333332,0.36085094122751804,4.464045158124115
275,22.916666666666668,0.3596139787443525,4.462796090629182
276,23.0,0.35838125645016805,4.461556074347981
277,23.083333333333332,0.3571527598100026,4.460325011252925
278,23.166666666666668,0.3559284743387187,4.459102804726898
279,23.25,0.35470838560083257,4.457889359537975
280,23.333333333333332,0.35349247921034377,4.456684581814689
281,23.416666666666668,0.35228074083056593,4.455488379021816
282,23.5,0.3510731561739573,4.454300659936694
283,23.583333333333332,0.34986971100195235,4.453121334626027
284,23.666666666666668,0.3486703911247943,4.451950314423179
285,23.75,0.34747518240136727,4.4507875119059666
286,23.833333333333332,0.3462840707390298,4.449632840874888
287,23.916666666666668,0.34509704209344855,4.4484862163318315
288,24.0,0.34391408246843314,4.4473475544592125
289,24.083333333333332,0.3427351779157705,4.446216772599552
290,24.166666666666668,0.34156031453506075,4.445093789235477
291,24.25,0.3403894784735534,4.443978523970124
292,24.333333333333332,0.33922265592598366,4.442870897507957
293,24.416666666666668,0.33805983313440985,4.441770831635976
294,24.5,0.33690099638805154,4.440678249205302
295,24.583333333333332,0.3357461320231272,4.439593074113139
296,24.666666666666668,0.33459522642269346,4.4385152312851135
297,24.75,0.3334482660164847,4.4374446466579505
298,24.833333333333332,0.3323052372807528,4.4363812471625135
299,24.916666666666668,0.3311661267381076,4.435324960707178
300,25.0,0.3300309209573585,4.4342757161615465
301,25.083333333333332,0.3288987255982669,4.43324412172969
302,25.166666666666668,0.32777041431866516,4.4322193590490375
303,25.25,0.32664597379393295,4.4312013604784894
304,25.333333333333332,0.3255253907451609,4.430190059266956
305,25.416666666666668,0.32440865193899376,4.429185389538779
306,25.5,0.3232957441874745,4.428187286279412
307,25.583333333333332,0.3221866543478882,4.42719568532141
308,25.666666666666668,0.3210813693226069,4.426210523330668
309,25.75,0.3199798760589354,4.425231737792939
310,25.833333333333332,0.3188821615489563,4.4242592670006164
311,25.916666666666668,0.31778821282937714,4.423293050039755
312,26.0,0.3166980169813768,4.42233302677736
313,26.083333333333332,0.3156115611304532,4.421379137848911
314,26.166666666666668,0.3145288324462711,4.42043132464612
315,26.25,0.31344981814251077,4.419489529304935
316,26.333333333333332,0.3123745054767169,4.418553694693758
317,26.416666666666668,0.311302881750148,4.417623764401893
318,26.5,0.3102349343076267,4.416699682728216
319,26.583333333333332,0.30917065053739,4.415781394670048
320,26.666666666666668,0.30811001787094056,4.414868845912244
321,26.75,0.30705302378289817,4.413961982816482
322,26.833333333333332,0.3059996557908518,4.413060752410757
323,26.916666666666668,0.30494990145521245,4.41216510237906
324,27.0,0.30390374837906586,4.411274981051262
325,27.083333333333332,0.3028611842080263,4.410390337393174
326,27.166666666666668,0.30182219663009074,4.409511120996792
327,27.25,0.30078677337549337,4.408637282070725
328,27.333333333333332,0.29975490221656076,4.407768771430792
329,27.416666666666668,0.2987265709675672,4.406905540490798
330,27.5,0.2977017674845914,4.4060475412534705
331,27.583333333333332,0.29668047966537225,4.4051947263015645
332,27.666666666666668,0.29566269544916657,4.404347048789128
333,27.75,0.29464840281660654,4.403504462432922
334,27.833333333333332,0.29363758978955734,4.402666921504
335,27.916666666666668,0.2926302444309764,4.401834380819429
336,28.0,0.29162635484477184,4.401006795734171
337,28.083333333333332,0.2906259091756622,4.400184122133098
338,28.166666666666668,0.28962889560903643,4.399366316423156
339,28.25,0.2886353023708145,4.398553335525662
340,28.333333333333332,0.28764511772730816,4.397745136868743
341,28.416666666666668,0.2866583299850823,4.396941678379897
342,28.5,0.28567492749081724,4.396142918478707
343,28.583333333333332,0.2846948986311707,4.395348816069651
344,28.666666666666668,0.28371823183264083,4.394559330535067
345,28.75,0.2827449155614297,4.393774421728219
346,28.833333333333332,0.2817749383233067,4.392994049966498
347,28.916666666666668,0.2808082886634731,4.39221817602473
348,29.0,0.27984495516642693,4.391446761128603
349,29.083333333333332,0.2788849264558275,4.390679766948214
350,29.166666666666668,0.27792819119436185,4.389917155591712
351,29.25,0.2769747380836103,4.389158889599066
352,29.333333333333332,0.2760245558639134,4.388404931935923
353,29.416666666666668,0.27507763331423857,4.3876552459875855
354,29.5,0.27413395925204814,4.38690979555308
355,29.583333333333332,0.27319352253316664,4.386168544839332
356,29.666666666666668,0.27225631205164963,4.385431458455437
357,29.75,0.2713223167396525,4.384698501407025
358,29.833333333333332,0.2703915255672995,4.383969639090729
359,29.916666666666668,0.26946392754255394,4.3832448372887285
360,30.0,0.268539511711088,4.382524062163407
