Month,Years,Forward_Rate,MC_Mean,MC_Std,MC_P05,MC_P25,MC_P50,MC_P75,MC_P95
1,0.08333333333333333,4.021889304190226,4.021889304189808,4.1772141301521515e-13,4.021889304190226,4.021889304190226,4.021889304190226,4.021889304190226,4.021889304190226
2,0.16666666666666666,3.9652101142495213,3.966358352709192,0.19836965631272363,3.6439829614374823,3.8342605326779884,3.967923931720077,4.097839333011595,4.291750609920907
3,0.25,3.9085309243088435,3.907773702376579,0.2821031460227993,3.4367792763225746,3.723080923098386,3.9059253965750407,4.095421089199988,4.371170101756584
4,0.3333333333333333,3.7724964493202533,3.813624442732106,0.3438757687442095,3.25296314802912,3.5839128530579245,3.81043859916833,4.0428596035302045,4.386976936272971
5,0.4166666666666667,3.636461974331664,3.6809206163914983,0.39739731782753834,3.0209845600034306,3.4154006990705947,3.6780268841343755,3.9471020139166444,4.335447797039758
6,0.5,3.55710668928375,3.5696056171201773,0.44268335530796105,2.842838349993107,3.2722590943817034,3.5762999133674462,3.8646312087027854,4.302612981645911
7,0.5833333333333334,3.477751404235864,3.489099345474426,0.4861608611199889,2.6945658099779335,3.154248542877186,3.496236020185157,3.8121717256958307,4.288116918059304
8,0.6666666666666666,3.398396119187925,3.407753374881012,0.5249235195154661,2.540613063794624,3.060303187178381,3.4134291032620236,3.7606750761275385,4.2623756141756255
9,0.75,3.398396119187925,3.3674688167877656,0.5546125850788064,2.455144417155216,2.9961419630732906,3.3736367822055184,3.746676269716773,4.274995685199146
10,0.8333333333333334,3.313630487722532,3.3290782112265127,0.5875158301342236,2.3588800377657746,2.931461503041487,3.3408953501346565,3.7199053427821314,4.2900367627487865
11,0.9166666666666666,3.2288648562571645,3.24361449551547,0.6170050445211337,2.2094776850447766,2.837963059667102,3.2565147760591966,3.667740911644056,4.245531807831215
12,1.0,3.144099224791773,3.1617043527042026,0.6490066764667606,2.077516397113945,2.727214091934305,3.1649441690244196,3.600871488498478,4.217702244347041
13,1.0833333333333333,3.0593335933264334,3.0754645177444377,0.6751750117962866,1.969149318579162,2.6111151730016164,3.0812979751771046,3.5321526807363073,4.172632701541272
14,1.1666666666666667,2.9745679618610392,2.9961512341119203,0.70517944117619,1.8645113244446787,2.512022318847684,3.0036793199911753,3.469720331305252,4.144684335293458
15,1.25,2.974567961861066,2.9537686075698097,0.7260777426410114,1.7935072815435302,2.4445349181529767,2.9580371184390115,3.455289506258036,4.1512483357898065
16,1.3333333333333333,2.9745679618610676,2.9533972327402473,0.7564406468860249,1.7346827864191796,2.4401026211509613,2.942322293604507,3.4659888282880904,4.211779360442794
17,1.4166666666666667,2.974567961861066,2.9544105568650587,0.7882072934953456,1.6743484155763662,2.4240633747687768,2.9442288080175074,3.48215934539408,4.259758513020547
18,1.5,2.9745679618610392,2.956789568032266,0.8085298834055031,1.615665720858325,2.405950327484026,2.9575421213376183,3.4974510550799054,4.279248460929151
19,1.5833333333333333,2.974567961861041,2.9580236029772973,0.8379011450143503,1.5719980769082487,2.383062378340318,2.958331524660126,3.5108638602401543,4.355593878495194
20,1.6666666666666667,2.9745679618610392,2.960154109408448,0.8649935014311583,1.5383340148534006,2.364982760924679,2.966010920960748,3.5478515830313646,4.371986476434721
21,1.75,2.9745679618610126,2.9573603413667087,0.8891387285505675,1.4755805079419597,2.345991899514281,2.9546509649002974,3.577106555189623,4.4412684016229695
22,1.8333333333333333,2.9885624123951855,2.964810616596517,0.9111055310998647,1.4605116372706946,2.349589434746414,2.966351379684536,3.592400695370083,4.471525738232789
23,1.9166666666666667,3.0025568629293864,2.985158024721447,0.9339740389933416,1.4659257794503537,2.3501406431046936,2.9759736590242833,3.6354586575963763,4.506061009310224
24,2.0,3.016551313463558,3.000826543754383,0.9587793002929406,1.4147332946771718,2.366585028927032,2.990182421272493,3.6608656884765716,4.563343974500007
25,2.0833333333333335,3.0305457639977043,3.0173808483823996,0.9811746390204256,1.3960133831346455,2.373955844850045,3.014068417638494,3.688218275170159,4.613762102359572
26,2.1666666666666665,3.0445402145318785,3.0278962246216956,1.006861814252309,1.3844186212934284,2.353305813719726,3.0247889323497152,3.7179518140213164,4.672594574982934
27,2.25,3.044540214531905,3.0386262476176262,1.0293318027313942,1.3349958045955708,2.336055819295672,3.025331430243909,3.736139796196019,4.716606828059873
28,2.3333333333333335,3.044540214531875,3.040629162676678,1.0540432992081288,1.2995558532522051,2.3389445736872627,3.032265410980535,3.743355572721257,4.790331421593244
29,2.4166666666666665,3.0445402145318785,3.0434929659947176,1.0746485953287426,1.2637302840480857,2.3069494192056705,3.0384420397462497,3.7755557584919623,4.8411199877833635
30,2.5,3.0445402145318785,3.0421656167339655,1.0987047124864653,1.221481833195814,2.296635750397708,3.0377280443041963,3.789945687790856,4.8420154450094675
31,2.5833333333333335,3.044540214531875,3.047149487658855,1.1164458907803305,1.2084154140272247,2.288821970092475,3.047068508294089,3.7878938686144767,4.882321938887355
32,2.6666666666666665,3.044540214531852,3.048013492805098,1.1323010234583684,1.1981926975946877,2.2613407393818696,3.0601721833856383,3.8096327744445024,4.917773638912653
33,2.75,3.0445402145318785,3.049497146376741,1.1528900976690757,1.1550501807910583,2.2564235323750492,3.060040141683791,3.820537593604815,4.96569244545811
34,2.8333333333333335,3.084220384092497,3.0674858177362334,1.1752079999644771,1.1267454965487858,2.270694218326355,3.0725517664411504,3.8675890876253214,5.009327715828604
35,2.9166666666666665,3.1239005536530957,3.11091625296282,1.1997269369827417,1.170986458934963,2.2948746695528137,3.0968561222714097,3.900425125305666,5.121356675643597
36,3.0,3.1635807232137174,3.1538907036135253,1.2204395802746815,1.106743775089953,2.336007741548776,3.141784468148097,3.967564414050967,5.165780098383054
37,3.0833333333333335,3.203260892774336,3.199646554980802,1.2389298234712365,1.1240461042323402,2.3652066914755396,3.186009210406148,4.036168862486355,5.272504805209148
38,3.1666666666666665,3.242941062334935,3.237132954872557,1.255201088899641,1.1714177341158205,2.377989732149692,3.2245969996862938,4.088256888738654,5.315902856217248
39,3.25,3.242941062334908,3.2538689979479147,1.267873534962183,1.1875534053109287,2.3854033941816017,3.243666079265365,4.111594079977599,5.37226022481015
40,3.3333333333333335,3.2429410623349315,3.2592141819806693,1.281947701517469,1.1409768240786735,2.369553129919183,3.2490017239684565,4.124293415952521,5.396198107819609
41,3.4166666666666665,3.242941062334935,3.260703602057574,1.3043877020188717,1.123509609838765,2.351672725916034,3.2673465751386273,4.146052022984912,5.429346153505836
42,3.5,3.242941062334935,3.259425060176074,1.3209614033956465,1.0906046330730228,2.3424272929075514,3.2532616648430026,4.132077225132305,5.453638747941913
43,3.5833333333333335,3.2429410623349315,3.2603331807446243,1.3348641933506549,1.0515394313389017,2.3202466103022257,3.275071398211546,4.154281140203637,5.484880867103415
44,3.6666666666666665,3.242941062334935,3.2622284799057057,1.3514764453327088,1.0181620774165347,2.298346057790765,3.2896869079663342,4.173693903740511,5.514377564416045
45,3.75,3.242941062334935,3.2658211762206437,1.3684693105185317,0.9737940975055436,2.3022640190633523,3.276387645066804,4.18604239265897,5.54481787341526
46,3.8333333333333335,3.2844587903224567,3.2929200737360476,1.381383215468173,1.0168462796019706,2.32684040477877,3.3031135494803907,4.2271936981995495,5.598427964969952
47,3.9166666666666665,3.325976518309974,3.337333516245833,1.397973473881817,1.0351373892017763,2.3669300142294065,3.337746867073438,4.283290047862991,5.664323004941545
48,4.0,3.367494246297499,3.386753030664803,1.4110165967429449,1.0481599166619118,2.4010642782735174,3.397553704815653,4.338611618471763,5.7354604071921695
49,4.083333333333333,3.4090119742850478,3.428143901000698,1.427681484742186,1.0548189305599087,2.429686230471275,3.442832398921547,4.37663481546948,5.802941179130938
50,4.166666666666667,3.450529702272566,3.469001291592513,1.444315513399208,1.0897737881611347,2.4730975468430434,3.4861640628609067,4.430953767019349,5.921693973122184
51,4.25,3.450529702272566,3.4889038274888735,1.4670096862279236,1.0226902892587182,2.4796093876115575,3.506629182088234,4.464324769691131,5.9309853145958025
52,4.333333333333333,3.450529702272573,3.490216698256939,1.4820124788101805,1.0247114284599421,2.4615847637998254,3.505153319171676,4.462669420361815,5.937345160286184
53,4.416666666666667,3.4505297022725925,3.492316317509246,1.4960308624404703,1.0015416712375276,2.4687866680625956,3.513489586549254,4.482205809929371,5.966374353262053
54,4.5,3.4505297022726187,3.4954897096967157,1.5051839770359898,0.9508796064987856,2.483444407967552,3.486194459122565,4.5066533723121545,6.01341475951053
55,4.583333333333333,3.4505297022726262,3.4955612502976865,1.516550493424695,0.9283803242183861,2.485295102360763,3.4829087637651046,4.532754518781315,6.022978406871362
56,4.666666666666667,3.4505297022726187,3.4998661673946754,1.5284427443577515,0.9195981909154546,2.4518662225634933,3.48170306526064,4.538461225593025,6.042194292328999
57,4.75,3.4505297022726187,3.506122269690744,1.5480371563013935,0.910434612416515,2.4329708294253938,3.500878572969081,4.553778661404803,6.092908318595099
58,4.833333333333333,3.566382407950962,3.571336851888582,1.5575239529559237,0.9875454368567987,2.505839419624875,3.550729373648985,4.634676505764704,6.214998252854445
59,4.916666666666667,3.682235113629288,3.6869077500218577,1.5713735256350825,1.1265159345994626,2.6187040210198123,3.658541820402292,4.771389560102674,6.316858702266099
60,5.0,3.7980878193076237,3.8062228399275053,1.583528237401322,1.2156517353418015,2.7132303474743007,3.7942164034761765,4.87705906589442,6.496772190979332
61,5.083333333333333,3.9139405249859935,3.9242588133898644,1.6007279469632283,1.2872513088486568,2.825507238050875,3.91183424453288,4.993138271041686,6.5961703651080565
62,5.166666666666667,4.029793230664347,4.03757241973519,1.6195037307057791,1.3189709865474335,2.9174558474745282,4.023068790451035,5.099775535684745,6.744461979969296
63,5.25,4.02979323066432,4.098820396732878,1.631205135204632,1.3678197984552913,2.986248252049445,4.090889216202408,5.1863938709315764,6.805871710523424
64,5.333333333333333,4.029793230664329,4.0924633238252035,1.6444078233425825,1.3525273675382272,2.937396467224915,4.1065434456665635,5.175923067825156,6.813906790269188
65,5.416666666666667,4.02979323066432,4.092823731587973,1.6616502888830529,1.3407354706482377,2.929363681427715,4.099272897538383,5.193185127764958,6.869216216557625
66,5.5,4.029793230664294,4.102791970334826,1.674136725619334,1.3212348760303279,2.9117836209207533,4.111513059411089,5.224275300922344,6.8757142281769354
67,5.583333333333333,4.0297932306643025,4.106843439602019,1.6866472141615911,1.328587892012149,2.916203766953201,4.126042621047684,5.236936717753271,6.8756639464059885
68,5.666666666666667,4.02979323066432,4.111732709635022,1.700872118460977,1.2962262931116466,2.908146680416452,4.122134050097779,5.253237879875387,6.907462299249616
69,5.75,4.02979323066432,4.108030471700495,1.7112350308960862,1.3027944917131635,2.897864436409025,4.136399462662537,5.254254923350155,6.957141624620611
70,5.833333333333333,4.029793230664329,4.107260408929931,1.720677009127159,1.303258096485038,2.9009782898553653,4.0876756813196735,5.263545893146439,6.964069335307224
71,5.916666666666667,4.029793230664374,4.1120888113618586,1.7363347359412382,1.2672148584949698,2.882213678072799,4.09366684413334,5.274329565976886,6.980403714929698
72,6.0,4.029793230664348,4.1182633899698295,1.7512998289328663,1.2507243663427257,2.890476919653768,4.127703918136209,5.296535761790737,7.0167601473331125
73,6.083333333333333,4.029793230664356,4.123519069371232,1.764886106990583,1.2145803197977594,2.9051284593620936,4.127227495866562,5.310485995317057,7.048924289524661
74,6.166666666666667,4.02979323066432,4.132675716093715,1.7765482801345298,1.1879942987770977,2.885845888612845,4.108808465050072,5.324265857708175,7.1296613663101995
75,6.25,4.029793230664374,4.138000795119095,1.7873240613663557,1.2166251325560484,2.8850930962239687,4.1234860454468825,5.330776018336584,7.146981483264437
76,6.333333333333333,4.029793230664302,4.142411500346993,1.8025006264532624,1.18673264485955,2.8707031289614755,4.139761917111059,5.34780352629154,7.124434397298433
77,6.416666666666667,4.029793230664347,4.154325831060417,1.8077949854723365,1.1480466118753203,2.8893532542977085,4.14772876613463,5.366405096553381,7.161429469465702
78,6.5,4.029793230664347,4.15892888213389,1.8220871278595712,1.1567086292885038,2.874275729939793,4.150442922828339,5.385607407624481,7.203727351872318
79,6.583333333333333,4.029793230664356,4.16501752160079,1.8340581666595301,1.1557359775973481,2.8589592076658863,4.166395722253964,5.380932468971467,7.252740938422879
80,6.666666666666667,4.02979323066432,4.1686054872768095,1.8441336065912424,1.1199528557577598,2.8733915579786626,4.176701237398314,5.412344214223017,7.287547519295526
81,6.75,4.029793230664347,4.168134136477933,1.8590665693557222,1.1045198033155308,2.850590296465433,4.176002818821553,5.41392954079282,7.310734572342081
82,6.833333333333333,4.134704882994242,4.217460151273684,1.8701675550880252,1.1229892562947774,2.9189582441950015,4.216478587973178,5.467566326382261,7.335070622965905
83,6.916666666666667,4.239616535324173,4.327052625770782,1.8854395878178405,1.2334729168547398,3.0195170502593345,4.326465163292596,5.589019970765355,7.493412220287018
84,7.0,4.344528187654113,4.43144898661614,1.8967619483437084,1.3193368720558625,3.112111517496505,4.43729835285972,5.702473883274541,7.6318918617486355
85,7.083333333333333,4.449439839984036,4.541130955969379,1.9175855257250078,1.3910975625417847,3.210062964697628,4.525206272841636,5.813038869587999,7.75832031510385
86,7.166666666666667,4.554351492313994,4.6537052824127425,1.9330070291551733,1.4673346256144988,3.3159188321968665,4.6548525248149595,5.953629747294762,7.912523585741582
87,7.25,4.554351492313994,4.711384813793528,1.9482837697190891,1.4694213516313457,3.3709358277275303,4.699391843211983,6.038634811395025,7.9659988904684145
88,7.333333333333333,4.554351492314003,4.713208396658141,1.96063340606106,1.4802507723475256,3.343242890361653,4.681389496223429,6.047766968981581,7.961627415119868
89,7.416666666666667,4.554351492313994,4.7167793742334565,1.9762267045537372,1.42756517352067,3.354847364952259,4.689914339072628,6.0588935212659125,7.967489901685044
90,7.5,4.554351492313994,4.722172777343343,1.9880881643188784,1.4564274391497294,3.3518240422153247,4.703543483415381,6.055918967729621,8.030460704767513
91,7.583333333333333,4.554351492314003,4.71906543961874,1.9989350325265582,1.4324298841169556,3.320694310271281,4.68494972684184,6.042622817901615,8.0682526397116
92,7.666666666666667,4.554351492314048,4.726332684406005,2.0097825769501187,1.446081562274364,3.3322594700138373,4.6816293321476685,6.090412435325626,8.074502897663036
93,7.75,4.5543514923139945,4.721590150900176,2.0191518240438895,1.4345052855449012,3.2899624505760756,4.678303773573981,6.072978812382961,8.061151843942083
94,7.833333333333333,4.554351492314048,4.72360360144478,2.029876912090456,1.3746920853568818,3.303226835981734,4.685336956865631,6.100491161242838,8.115442034915263
95,7.916666666666667,4.554351492314057,4.726377975733249,2.039135302112763,1.3381926620801505,3.304400604104893,4.700724759204303,6.129058680038979,8.127943929816034
96,8.0,4.554351492314048,4.725622393787987,2.049378131223672,1.3240567748729752,3.276801230606562,4.715002639140466,6.132043859630008,8.10357368330283
97,8.083333333333334,4.554351492313994,4.727510335089321,2.057729593138891,1.3492423083449245,3.294695361282006,4.711409136556075,6.1346152207921385,8.167814677131405
98,8.166666666666666,4.554351492314031,4.738844032248596,2.064147674718635,1.2927356647279096,3.2783946075133894,4.746671824222169,6.155192590494217,8.199482678902543
99,8.25,4.554351492314003,4.739362162356174,2.077432933170199,1.3278559339398355,3.275177226980712,4.7309682216064335,6.1478669940202355,8.183332670868856
100,8.333333333333334,4.554351492314038,4.74179182820143,2.09499363171229,1.3391923770633263,3.2725366383313856,4.747030686651671,6.151514208981865,8.215999933435729
101,8.416666666666666,4.554351492314003,4.7469033811426335,2.107420695911808,1.279034165615953,3.242660728374806,4.736646619627356,6.191266166847811,8.219461553493565
102,8.5,4.554351492314003,4.749454345178873,2.111820072445977,1.2566940444428272,3.2553234653768706,4.7486279056463365,6.203016540990499,8.246334413730452
103,8.583333333333334,4.554351492314038,4.750641597492342,2.1232725297497286,1.1846973573788124,3.2802409588516297,4.742542808169949,6.189665538363833,8.304197961805968
104,8.666666666666666,4.554351492314057,4.756310251124315,2.135108194465168,1.2361752393149203,3.258050730752444,4.744038713394994,6.217701995676189,8.34803237942974
105,8.75,4.554351492314031,4.763182552657411,2.142432434626984,1.1849666077972798,3.280367294712736,4.73417660865134,6.258861185654673,8.31066444236468
106,8.833333333333334,4.554351492314064,4.764898575321345,2.1532503555834905,1.1455189212389878,3.2538543844033723,4.7605564908224824,6.247377934876606,8.308262580955446
107,8.916666666666666,4.554351492314057,4.771871324754969,2.162532019434609,1.1601626835794319,3.254753449316359,4.776922566933686,6.261824305613664,8.317492277909674
108,9.0,4.554351492314057,4.776924098165943,2.1667863459981893,1.1738750454163838,3.269226451025787,4.7523693702688705,6.262595318509964,8.326149472714564
109,9.083333333333334,4.554351492314011,4.77903193807497,2.1764847481855085,1.1930460866435308,3.2592032701135456,4.758197737870873,6.249742965155834,8.406911507738728
110,9.166666666666666,4.554351492314031,4.787147324123843,2.185751557991477,1.1645939690169667,3.253858249133295,4.753231876718236,6.258528758732114,8.387114112264884
111,9.25,4.554351492314031,4.792358056577999,2.1996118583962914,1.1140016542809235,3.24036228135386,4.7596480887304,6.290798484702938,8.449072524471559
112,9.333333333333334,4.554351492314038,4.7977703271241685,2.2097133545383274,1.13091166689989,3.2529259420224244,4.759471878865982,6.323370259742478,8.497915289000467
113,9.416666666666666,4.554351492314031,4.79938465262868,2.216191513611974,1.1155950911192232,3.228411835820129,4.7529618114848295,6.307357503667216,8.53189284493042
114,9.5,4.554351492314057,4.809848226921548,2.224901930057906,1.109501232489882,3.2193528554615853,4.791560902634852,6.317631454075695,8.486994879617155
115,9.583333333333334,4.554351492314038,4.817620102917836,2.2341369937256568,1.138878842442078,3.2513194668062546,4.790426233002802,6.3302771258069805,8.608765820341876
116,9.666666666666666,4.554351492314031,4.823351318709987,2.242051635457385,1.141565316957738,3.239862359944036,4.811856156582356,6.350202605096856,8.627607172623607
117,9.75,4.554351492314057,4.822997204936369,2.2511203549616576,1.1267177685676426,3.221731538945555,4.815455447274214,6.328416922251249,8.648550651879805
118,9.833333333333334,4.668291493254713,4.881275837902917,2.255525659250259,1.201188204626933,3.27530640088457,4.9017954984635255,6.434103269814306,8.63542721386486
119,9.916666666666666,4.782231494195435,4.999026761554348,2.260559710555426,1.2941673109388314,3.3823596448419306,4.984461896130236,6.5377100364256115,8.728762236082051
120,10.0,4.896171495136137,5.115642161230671,2.2724835854641743,1.3952648508293386,3.4993862391784605,5.102529144711735,6.6906331932121645,8.869504445177778
121,10.083333333333334,5.010111496076872,5.237564272768309,2.281918294341538,1.4706118337849503,3.598011235656577,5.224297960425014,6.823374319665203,9.009485502554714
122,10.166666666666666,5.124051497017569,5.353496510108157,2.292180272653165,1.5821882819967468,3.708928660588677,5.322590835620472,6.949707736675862,9.151440290468708
123,10.25,5.124051497017596,5.410447440255495,2.3050062722189777,1.6727598510353034,3.785612773235203,5.376676287759007,7.002616971302516,9.211891451094921
124,10.333333333333334,5.1240514970175735,5.419651066658808,2.316709887346764,1.6706993318245649,3.789273765029866,5.368029329633579,7.057934441985797,9.308582543955543
125,10.416666666666666,5.124051497017596,5.433849791921521,2.3310010593192323,1.6514266346687825,3.760235275403232,5.387906055498232,7.075897740864885,9.30618445538564
126,10.5,5.124051497017569,5.434344526464738,2.3340708644329706,1.650266280496486,3.7641926484982413,5.407320053744932,7.065848384154812,9.266482003626884
127,10.583333333333334,5.124051497017574,5.441184843162454,2.3438047568503007,1.6556476064260195,3.757236362562555,5.416745308995275,7.07690487081587,9.339206984647321
128,10.666666666666666,5.124051497017569,5.45286874954472,2.3514349461945314,1.613091231164895,3.7649549018059925,5.446665390924032,7.0880711746137885,9.35616595294067
129,10.75,5.124051497017596,5.456127334342412,2.3639676102794165,1.5623750254370452,3.7387000696535577,5.446892373004278,7.118392067671497,9.368296671407386
130,10.833333333333334,5.124051497017547,5.459435503546816,2.3684154181858785,1.5738430004838888,3.750365055832303,5.452324921036906,7.132768492439176,9.403241470154281
131,10.916666666666666,5.124051497017569,5.462452812995727,2.377261543839657,1.5474436816709247,3.7657961095441936,5.456558449282458,7.112655447981801,9.391548963647011
132,11.0,5.124051497017569,5.471473020087632,2.3852808363403204,1.5495650405022756,3.7644519623100545,5.448570032773626,7.143924792397143,9.368679487788253
133,11.083333333333334,5.124051497017574,5.47969771116185,2.392885145029495,1.5495080804304113,3.786133278647134,5.465880350042613,7.1610573714892904,9.417204734569228
134,11.166666666666666,5.124051497017542,5.485002189438435,2.4063559190902724,1.5110220265380214,3.7648510796607084,5.457542851057038,7.1840116135755725,9.397663798707168
135,11.25,5.124051497017542,5.494096584114323,2.413916475260473,1.5416434196740076,3.7607990439794645,5.471084854067847,7.18889244915468,9.459793808615572
136,11.333333333333334,5.124051497017547,5.497439943924027,2.4236014144837474,1.5273616196765647,3.758269936228392,5.483973011149946,7.192596155264991,9.460049562523471
137,11.416666666666666,5.124051497017514,5.506670480923379,2.4317471826183863,1.4701399802324193,3.771335136190407,5.483421472525309,7.207623264908,9.503471449141031
138,11.5,5.1240514970175415,5.518341870464817,2.437797511731806,1.4857855171968777,3.7668439010205548,5.493767261142267,7.219414260005551,9.510065776143655
139,11.583333333333334,5.124051497017519,5.521164770194433,2.450326010177326,1.4533750041628415,3.7905143542741646,5.501393363602085,7.2177452441520975,9.516732321730832
140,11.666666666666666,5.1240514970175415,5.52297895216749,2.456493338512285,1.4777506035311623,3.7664187436504943,5.526479925141195,7.239255055132319,9.535335820286205
141,11.75,5.124051497017514,5.534030530519699,2.4651883905464675,1.4724024247427796,3.7778357116287506,5.504522505720518,7.243086458970549,9.627797673405354
142,11.833333333333334,5.124051497017547,5.541371713486412,2.4625479283396965,1.471315665484383,3.794545135378359,5.516075721954855,7.242969729939885,9.559704386971934
143,11.916666666666666,5.124051497017542,5.550220214177096,2.472122714151439,1.4317237480195966,3.7670559739856238,5.576192287648146,7.234068546884805,9.601205352552162
144,12.0,5.124051497017569,5.563156377802183,2.4747620553211305,1.4643908155642271,3.7911355020058073,5.561953191623119,7.2366362792139896,9.659343159849106
145,12.083333333333334,5.124051497017574,5.563310352247604,2.4753766725606416,1.4774121565287728,3.7524345675000577,5.552250275642661,7.245241508112973,9.672419412974918
146,12.166666666666666,5.1240514970175965,5.573250971004386,2.486345187178596,1.4760786795908616,3.772336735254912,5.562665591272236,7.257727074765024,9.71487742750576
147,12.25,5.124051497017623,5.574014469091799,2.4979028226077356,1.47195818889819,3.762937349204301,5.581860258634171,7.296222701953946,9.690685211680155
148,12.333333333333334,5.124051497017574,5.575823596424308,2.5140013931901177,1.4497246780077528,3.7491201555546776,5.572544424325237,7.290232047342767,9.740592299889254
149,12.416666666666666,5.1240514970175965,5.581462649203843,2.5246391414202103,1.42819486174558,3.7849319391136476,5.570060356664319,7.320117000076934,9.771949383313972
150,12.5,5.12405149701757,5.589088857267745,2.5333797959616855,1.4291735991759806,3.7907900790862885,5.596482990622342,7.3357537622522635,9.807360830267346
151,12.583333333333334,5.124051497017574,5.5893576195580525,2.535819881702966,1.4205566577177735,3.7996128273331693,5.568823964445162,7.353172347592027,9.822494170508797
152,12.666666666666666,5.124051497017542,5.594537329340725,2.541000579418052,1.4065089306548457,3.778933786516277,5.5874702919264605,7.322414286194285,9.883268186194076
153,12.75,5.124051497017569,5.601010832139579,2.5473013872102985,1.4220129597013207,3.814685744648712,5.579298780705324,7.327021070366095,9.876624100168689
154,12.833333333333334,5.124051497017547,5.609251582511526,2.5533988065663658,1.3839358397024635,3.817381773439527,5.601121687182941,7.355726828807796,9.917929788327614
155,12.916666666666666,5.124051497017596,5.621233937123735,2.5588563989696502,1.3479156421298186,3.8342869170067484,5.602381322630494,7.368794108903772,9.938886329123491
156,13.0,5.124051497017569,5.6257060956279625,2.5635461746203934,1.4055590537974683,3.815263176229396,5.612063731768361,7.367675108758194,9.896904605712479
157,13.083333333333334,5.124051497017547,5.634422390268612,2.5706662674661813,1.4510464739871256,3.782326690755946,5.58626404339084,7.375306405016629,9.950083530905092
158,13.166666666666666,5.124051497017569,5.645469193850561,2.5759106715034825,1.431704338958102,3.829785838339482,5.624564423579974,7.412893640435509,9.931936291722174
159,13.25,5.124051497017569,5.651941508035168,2.5803537569935395,1.4295175050911522,3.8302233097236993,5.616124917961065,7.4251179069142665,9.973041215960574
160,13.333333333333334,5.12405149701752,5.660429221269294,2.584361396270083,1.38121902061154,3.8311756360428793,5.6069852507498945,7.437134930759844,10.01391151731909
161,13.416666666666666,5.124051497017542,5.664613557044427,2.591365606196116,1.4052972269800372,3.82272365237281,5.606347005225119,7.451704151854395,9.996873599740944
162,13.5,5.124051497017569,5.6710429891204726,2.6017496575374293,1.4076719669928968,3.8217133780222095,5.579570334084965,7.475550764811557,10.036329030576836
163,13.583333333333334,5.124051497017547,5.6728631812057175,2.606501864335896,1.3927340981414638,3.801463283598837,5.594938900151809,7.458951857728649,10.071242543416147
164,13.666666666666666,5.124051497017569,5.67638935938015,2.610990625742857,1.3745878998404466,3.799285026255699,5.61090020725178,7.486946679141399,10.102616694147828
165,13.75,5.124051497017621,5.6885136883992224,2.615288594464827,1.3926587637417946,3.7805372366646828,5.607729983986798,7.524333046759358,10.096301314125876
166,13.833333333333334,5.124051497017599,5.690051665811894,2.624548503374348,1.4598465988990348,3.7766329903438387,5.612327677122299,7.53105909387553,10.08400927554678
167,13.916666666666666,5.124051497017594,5.6994412953359355,2.631703592904733,1.3884863290234968,3.797725092793684,5.636070816188631,7.5063658494395895,10.089066585362172
168,14.0,5.124051497017594,5.698497326779331,2.6364135188728404,1.3533429051301533,3.7896996708489143,5.623956970340846,7.515099229063464,10.102038397405604
169,14.083333333333334,5.124051497017545,5.704003866162266,2.639802140764635,1.3795583900974262,3.8087470185761316,5.651798685635602,7.515874966849593,10.141988042326544
170,14.166666666666666,5.124051497017514,5.708341637071084,2.6476860488676124,1.3748815560627843,3.8183924376797433,5.624695898744606,7.557750290351592,10.166923070736141
171,14.25,5.124051497017514,5.712280647129652,2.6478181529842293,1.36674825691405,3.813113590600997,5.658229190006662,7.558955235700888,10.150999439377314
172,14.333333333333334,5.124051497017519,5.71683551979769,2.651939046811985,1.4118440610174767,3.7995083286626388,5.657527869723519,7.538938037300954,10.199155990117937
173,14.416666666666666,5.124051497017568,5.719906725922336,2.6572811554906246,1.3962425481606195,3.803413180132437,5.67758068852864,7.558448692926881,10.145821086974625
174,14.5,5.124051497017594,5.721402937797534,2.667336513641494,1.3329459033147206,3.7891633389675836,5.676707118891258,7.572985977178609,10.139552375198663
175,14.583333333333334,5.124051497017572,5.730764835300181,2.6695824939945574,1.3560433465533976,3.8024127711761855,5.692623507630916,7.577609482739814,10.212231084414718
176,14.666666666666666,5.124051497017594,5.74048679344683,2.675947717878854,1.3245064567489984,3.8051065881020847,5.70296887858116,7.590839840226474,10.192276895079146
177,14.75,5.124051497017568,5.749593904627331,2.6784245929586215,1.426284919789927,3.787347505029459,5.692708048954275,7.583403953359076,10.271363981413982
178,14.833333333333334,5.159873776399575,5.77341778126934,2.6830365488205867,1.4568425820091193,3.8206918984647626,5.717747178954264,7.647126856222871,10.27203949358482
179,14.916666666666666,5.195696055781627,5.813210735599524,2.6868780769426577,1.4763680519948439,3.8418037806605074,5.773763320013005,7.684923524554502,10.278365359506346
180,15.0,5.231518335163736,5.858645279961397,2.6906142365740746,1.5219791230762514,3.9047282803657546,5.819940143413141,7.7141779072661425,10.363574562762757
181,15.083333333333334,5.26734061454577,5.897347642664695,2.6998866703946156,1.5426912373826784,3.9445253712029795,5.866959125593728,7.76573225545407,10.385378898808376
182,15.166666666666666,5.303162893927822,5.937996329735008,2.6972004347425504,1.5890061009148633,3.966351749133295,5.9180052271829044,7.813659487834753,10.470993797618434
183,15.25,5.303162893927822,5.962906552370579,2.701132386198572,1.5941539025452731,4.001436611053979,5.952217413669865,7.846687483445475,10.48750696987767
184,15.333333333333334,5.3031628939278,5.961684230372557,2.7018553218950543,1.6195703840094486,3.982996296426613,5.954856356339875,7.8491624968519265,10.499356911137323
185,15.416666666666666,5.303162893927822,5.964636677878475,2.7078475317463186,1.599769717952285,4.002950183214196,5.938980980080337,7.8607647026993295,10.486483875343234
186,15.5,5.303162893927795,5.972386450871316,2.710087121989644,1.5924669997106666,4.011408803993333,5.947043453160757,7.856944961086695,10.448747060586173
187,15.583333333333334,5.3031628939278,5.977858163788074,2.7095577590776276,1.5947104356650168,4.022253978267595,5.942004192457081,7.868752000439059,10.520199891703259
188,15.666666666666666,5.303162893927795,5.9826771583998335,2.7188168567915576,1.5896113732139627,4.021597555628629,5.956307464311203,7.868521257702356,10.560290016471061
189,15.75,5.303162893927849,5.980233971534324,2.723063582016868,1.5696912941053787,4.024103052682216,5.941130857190824,7.850621403614126,10.545872257674873
190,15.833333333333334,5.303162893927822,5.983811053726548,2.7235194294220255,1.5286637502462268,4.06259003654932,5.958000452419097,7.864479962094734,10.585049071202283
191,15.916666666666666,5.303162893927826,5.992500711115675,2.729788885862915,1.5435743625623122,4.089546181585411,5.988109527846991,7.873383031144401,10.58410914871252
192,16.0,5.303162893927876,5.9910042621134725,2.736623206081517,1.5189643961795607,4.081880314344784,5.990309474764379,7.87693515373206,10.588527166583049
193,16.083333333333332,5.303162893927876,5.989501332263705,2.742727014497295,1.5470113146962057,4.064621588798447,5.957195801622742,7.886330751029651,10.57991888665694
194,16.166666666666668,5.303162893927828,5.995928563788532,2.7546219368462452,1.5552140345966878,4.054845357926765,5.968151410328254,7.885951187019434,10.66439317503666
195,16.25,5.303162893927801,6.0023215898256925,2.7623978537301848,1.5368719311844226,4.027055943290439,5.99377119597279,7.893977157303459,10.644247315498221
196,16.333333333333332,5.303162893927819,6.006098061212483,2.7664984892923705,1.5562252577026707,4.047311265430569,5.995587063160815,7.938364030781885,10.595545239711377
197,16.416666666666668,5.303162893927828,6.009982905381853,2.7699065545756953,1.5125019973500644,4.018167934096208,5.98425009857725,7.954333581327816,10.646613255542853
198,16.5,5.303162893927801,6.0096980068585175,2.775699833425353,1.5100571987717477,3.9979503301540986,5.971568878985027,7.951757341721796,10.61504671627037
199,16.583333333333332,5.3031628939278725,6.017492697571264,2.780307136195262,1.531777869729672,4.005709694563793,5.988170157753608,7.946464438387302,10.663716107379209
200,16.666666666666668,5.303162893927881,6.02319089947851,2.7822878760121985,1.522670513028566,4.010334149619645,6.001601263813201,7.972474387576277,10.675538768237988
201,16.75,5.303162893927881,6.026900338806351,2.790395594011123,1.5083262405037836,4.016216564969688,5.9942440101151355,7.918784174802782,10.656634050431693
202,16.833333333333332,5.303162893927874,6.041165099035751,2.7938080200505673,1.5463715837238583,4.0419344292997375,6.006550103940905,7.9582330477956456,10.716000861028244
203,16.916666666666668,5.303162893927908,6.050838391272196,2.800412807800248,1.5253864791265634,4.050267165835183,6.009579773213423,7.999175969478824,10.730307909505257
204,17.0,5.303162893927856,6.055197291522398,2.8093766593250504,1.460265287898145,4.021821742045304,6.0295442646674635,7.995081434416326,10.785351451916872
205,17.083333333333332,5.303162893927874,6.0651623942466895,2.8087552918236796,1.4541626829252905,4.034256180477533,5.989526898193259,8.010882254236149,10.773605921638511
206,17.166666666666668,5.303162893927856,6.068776779309393,2.808098024912086,1.5175839788665275,4.059372818422326,6.012991771313021,8.021840283991825,10.777256650996232
207,17.25,5.303162893927802,6.072643189106282,2.807055744594738,1.4747478569750005,4.071749912986889,6.0190147749757905,8.006520746612772,10.751130002029797
208,17.333333333333332,5.303162893927793,6.071807886752385,2.812270748418209,1.5015103429456826,4.049201884967249,6.005871785718099,8.017346335421683,10.761577380867243
209,17.416666666666668,5.303162893927828,6.081857421125416,2.8172239002294535,1.4323106799892815,4.048121332120457,6.007082646757678,8.014652483363422,10.809404309006064
210,17.5,5.303162893927802,6.089066437911947,2.8237037022898033,1.4899775630363512,4.066684873361608,6.001474101806579,8.042660081747938,10.844810253617199
211,17.583333333333332,5.303162893927847,6.0966969682921786,2.829023652415431,1.4927607188624612,4.032179097205674,6.035891773839635,8.0562049146225,10.82531154338782
212,17.666666666666668,5.303162893927856,6.100796115858923,2.8381430187076835,1.4709673836260495,4.013863671798219,6.05585338200181,8.083372542394361,10.852207645803302
213,17.75,5.303162893927908,6.111366566070211,2.843348879795912,1.4766135045440922,4.0144718248213005,6.0754166182600615,8.06280777403058,10.882173798834122
214,17.833333333333332,5.3031628939278725,6.117556798237042,2.84779462802493,1.487769346031131,4.032504031997744,6.0635564293617605,8.070580323515193,10.857238592522604
215,17.916666666666668,5.303162893927881,6.125022076452278,2.8481602460142574,1.4651033975350232,4.052150946767242,6.06898842014894,8.103741428244575,10.901879544503345
216,18.0,5.303162893927881,6.134409634294904,2.853569385410352,1.5023810245222755,4.087036587287901,6.069045572880824,8.119660161999956,11.010945335831648
217,18.083333333333332,5.3031628939278725,6.136195345390522,2.858533392439859,1.4861157667872553,4.086241430621869,6.0645500146251825,8.110158276737245,10.973774161868194
218,18.166666666666668,5.303162893927801,6.145621405621765,2.8651174262088652,1.4795172119975137,4.061465002412059,6.064686304871064,8.131705996350332,10.98873389705899
219,18.25,5.303162893927854,6.152476625849135,2.8687013905046452,1.4408180567062976,4.071310328154426,6.066295609591147,8.152734231634762,10.949771716385182
220,18.333333333333332,5.303162893927847,6.154322359027536,2.8735721604907845,1.4502277002080592,4.0795904904008005,6.072314444960632,8.13586720314773,10.946646235534443
221,18.416666666666668,5.303162893927828,6.155693058381816,2.878588545363679,1.4447328870651432,4.07018657417986,6.0860940504438314,8.108785273089586,10.93068817329189
222,18.5,5.303162893927854,6.164368655733417,2.887005790554798,1.4228151215005425,4.074431498739183,6.080856547059018,8.171871522818188,11.046286801952213
223,18.583333333333332,5.3031628939279,6.168568153822718,2.8882109356354846,1.4151676901068697,4.097812444973867,6.079503282547541,8.187243467480185,11.066049167849268
224,18.666666666666668,5.303162893927854,6.175302872801952,2.888113353958371,1.4503411109439468,4.082124301863501,6.099758022745365,8.18180994098113,11.08172131564726
225,18.75,5.303162893927828,6.175780778143148,2.8945685010368627,1.4266849760568527,4.097353096602851,6.119532271591294,8.149205666433357,11.07623654779122
226,18.833333333333332,5.3031628939278725,6.189585896517452,2.9017674681921752,1.4847133160553603,4.077561009803563,6.103449714353263,8.168277659744904,11.10117218623949
227,18.916666666666668,5.303162893927881,6.191362576990707,2.900761317478515,1.4481070020680473,4.123246500294911,6.09867929685048,8.183325591654055,11.071570534512814
228,19.0,5.303162893927828,6.195050977260446,2.8997997459340774,1.4517075390759226,4.128916211638433,6.117069212181601,8.210761035449856,11.074556074190662
229,19.083333333333332,5.303162893927847,6.201619149682768,2.9046060180994084,1.4965596887729584,4.124017789137286,6.0951372282120015,8.212375008225619,11.097764842430486
230,19.166666666666668,5.303162893927881,6.207251015150934,2.9074403824103925,1.4662812357942152,4.0997468471640435,6.125797689593414,8.211685532305937,11.062734703007322
231,19.25,5.303162893927828,6.211587908351449,2.9094698596160185,1.4470968644063598,4.093597075327887,6.127262608157609,8.212713966097182,11.090445292094188
232,19.333333333333332,5.303162893927847,6.220578446814094,2.91819517031387,1.4745099005719933,4.109270529573085,6.158464244884566,8.243548624845118,11.157442850664744
233,19.416666666666668,5.303162893927881,6.227279547657407,2.9273904952908802,1.408736087867806,4.1203914574162726,6.1668172410528665,8.243820853666573,11.204464120157958
234,19.5,5.303162893927856,6.236457332683554,2.9338660556129743,1.4400461501922424,4.115919122890816,6.175476993235563,8.261460952824923,11.189260332834722
235,19.583333333333332,5.303162893927847,6.240107023725338,2.931398531506461,1.450774749510231,4.147574156227675,6.189916739408184,8.27346226734755,11.157362978043032
236,19.666666666666668,5.303162893927828,6.2509019165061686,2.9349455310753156,1.4495694376277422,4.134935239929433,6.212038027904372,8.287216010450933,11.185136948611909
237,19.75,5.303162893927775,6.252321567886307,2.933390176503156,1.4104848649445259,4.141483651382387,6.210760380064138,8.27083156774119,11.163846947053301
238,19.833333333333332,5.066640634545736,6.136548075010864,2.926693237217249,1.2906505591248534,4.044643112863565,6.131967876586415,8.138324986306756,11.042706570716232
239,19.916666666666668,4.830118375163696,5.907124539552427,2.9240639580297425,1.0608894582870125,3.8035272379865916,5.88460879367399,7.874043521669538,10.792715116816694
240,20.0,4.593596115781638,5.6823070401187685,2.9179326616817414,0.8320708153032417,3.580361259291297,5.6676744896527005,7.64386494677993,10.580158537364118
241,20.083333333333332,4.357073856399572,5.467072030821321,2.907027540614698,0.5750627957850174,3.3467601669396165,5.4434815051613885,7.438563742106896,10.352485094788753
242,20.166666666666668,4.120551597017559,5.249998020053203,2.892428495168575,0.41058429956520764,3.144064003171951,5.203675166449894,7.196369896990196,10.180681354521399
243,20.25,4.120551597017585,5.140955156442192,2.887233371516326,0.2760361384659912,3.0088310208571527,5.098591743192947,7.116725931049118,10.065825300373982
244,20.333333333333332,4.120551597017593,5.148351260278831,2.8830652532985406,0.35064315963214415,2.9826870459500303,5.113785562415816,7.09303349794211,10.076960403490494
245,20.416666666666668,4.120551597017612,5.159851932679496,2.8789772317939724,0.4256456571228696,3.018153452660667,5.099889254377862,7.104349647536223,10.099963721127324
246,20.5,4.120551597017639,5.16590366211951,2.8766589419890263,0.4600050518979288,3.0105588611689194,5.100298543967882,7.095064740679819,10.119237478597679
247,20.583333333333332,4.120551597017648,5.17297401380262,2.8734215197214823,0.4887612374735713,3.0585424271098534,5.094610060179278,7.102608774562068,10.109354392075302
248,20.666666666666668,4.120551597017585,5.174272956705903,2.8693150138517707,0.540072971709246,3.0606827217416375,5.107338434509205,7.118002962368632,10.120012054362864
249,20.75,4.120551597017559,5.173815210846218,2.8754852652701883,0.5128189307206696,3.046817082843583,5.092723540434802,7.1372187432588845,10.08403680430666
250,20.833333333333332,4.120551597017568,5.179535053033326,2.8746860600489827,0.48724205525081,3.037123752107491,5.100630114320637,7.128610892612803,10.075502496516105
251,20.916666666666668,4.120551597017559,5.181495446851682,2.8744893858024056,0.499133434319713,3.0356634738192714,5.112946325904804,7.121219959098313,10.107862316159226
252,21.0,4.120551597017559,5.1834047563428545,2.87519743429198,0.5206097110288008,3.0501000885785885,5.100693642702658,7.128917470414765,10.06973757972961
253,21.083333333333332,4.120551597017568,5.19301850856212,2.873032687753595,0.5269371469953193,3.056053613063807,5.139011076272136,7.160307127782316,10.065751914594436
254,21.166666666666668,4.120551597017532,5.199588332827973,2.87322280059329,0.5882568810676088,3.0404881317828654,5.131767185069226,7.140267528581101,10.130260099516228
255,21.25,4.120551597017559,5.20487872290527,2.8721384637427883,0.6024926267734657,3.0655508123545574,5.120847786287168,7.1274112684856465,10.108783640293364
256,21.333333333333332,4.12055159701754,5.208888270916377,2.8721473654249774,0.5672433225651574,3.109181120412996,5.129099279679821,7.183319507125254,10.086559422336377
257,21.416666666666668,4.120551597017585,5.209180417961109,2.8758894620195803,0.6195665986438423,3.0864113764668857,5.131340489303529,7.174497569886851,10.088355415953785
258,21.5,4.1205515970175055,5.215263795241782,2.878138258575005,0.6293896680715736,3.044901016477439,5.131410378895454,7.171320615573961,10.09041681468219
259,21.583333333333332,4.120551597017594,5.224478800010301,2.8781900697617626,0.6281066762384456,3.050004985297111,5.152404744483224,7.2099684918546165,10.088438969732955
260,21.666666666666668,4.120551597017586,5.2266763081232925,2.8862982441667495,0.6414185332898243,3.0331233787818404,5.142130346324633,7.2100995932866505,10.108667813830618
261,21.75,4.120551597017586,5.232423093789127,2.8832843742215517,0.6605589827905798,3.0304341166359694,5.135103659862883,7.227324974623222,10.116800423441852
262,21.833333333333332,4.120551597017541,5.235244101075577,2.8811151762549825,0.671647450211563,3.0554590144336014,5.133848720807236,7.201270354480808,10.091112733614693
263,21.916666666666668,4.120551597017586,5.235457244482825,2.8826431451580783,0.695118072836247,3.0508255710938537,5.147390156419015,7.225111067313566,10.121301552139505
264,22.0,4.120551597017612,5.237553350906483,2.8876749191514084,0.6622920891460038,3.026677728397562,5.151055404775491,7.219950623886207,10.088527166162855
265,22.083333333333332,4.120551597017568,5.244206021600043,2.8845587287241035,0.6489305100750581,3.019056007288705,5.162536513721204,7.19212405267777,10.094094379404185
266,22.166666666666668,4.120551597017586,5.248212160612312,2.8870364506179946,0.6548007623167209,3.0447386276555624,5.141740825974949,7.2260035378501275,10.119055835244813
267,22.25,4.120551597017586,5.261036184039451,2.8864885826405584,0.7367580112501168,3.0425949567295745,5.146848103374977,7.252396964400079,10.118631004108266
268,22.333333333333332,4.120551597017648,5.268618006208832,2.892407365960974,0.7489135303750217,3.044592815184155,5.151480908447478,7.253896678501801,10.19092333125873
269,22.416666666666668,4.120551597017559,5.274139357540716,2.898166452052781,0.7025460491617456,3.0610020788222556,5.164663730278093,7.266210371550713,10.223842027160627
270,22.5,4.120551597017585,5.274673092477976,2.903985012561435,0.7055507710964727,3.056531496232829,5.161365323998294,7.2721128737256695,10.241608008255938
271,22.583333333333332,4.120551597017593,5.28452911291954,2.902968725280691,0.7106604617845899,3.0477136251476087,5.172595978847938,7.272112809111839,10.181957604420633
272,22.666666666666668,4.120551597017585,5.287078911144051,2.9023676630143513,0.7234551782325747,3.063868718588587,5.179289101749693,7.265744076420337,10.185524025889558
273,22.75,4.120551597017559,5.294804609504273,2.8999322338300573,0.7216809227619205,3.096782195379914,5.185474830684929,7.290164947953459,10.156587994628529
274,22.833333333333332,4.120551597017568,5.301044580248032,2.9033889927146834,0.728174608218538,3.072178218675671,5.201395694423402,7.286021626993879,10.165292890498009
275,22.916666666666668,4.1205515970175055,5.307442025465216,2.90198813859805,0.7693161758664009,3.0950780579099226,5.221013575889068,7.302166738935116,10.190033747302566
276,23.0,4.1205515970175055,5.308674172838068,2.902981315924056,0.7525332289260055,3.0943471398218514,5.200444809219544,7.30743212132598,10.256008325476762
277,23.083333333333332,4.120551597017541,5.318062426762055,2.9030357536255242,0.781692982373536,3.135991449466387,5.2026949285775865,7.339762090803633,10.295687535592233
278,23.166666666666668,4.120551597017533,5.327548288533407,2.902880663558261,0.7785588498958756,3.117550217538053,5.222749841304879,7.328514198722857,10.32531102617574
279,23.25,4.120551597017533,5.33678195151745,2.898687007740406,0.7832774818652175,3.137100304142135,5.221203405206818,7.297650794416654,10.344086852125942
280,23.333333333333332,4.120551597017622,5.341625221517659,2.8969834966708374,0.8120575614386505,3.1331754240868905,5.222056686348541,7.324036127580849,10.305104186366805
281,23.416666666666668,4.120551597017587,5.350484559047212,2.900625910089538,0.7837638485246262,3.1709661616973515,5.222269131746825,7.34981091284569,10.362645130227065
282,23.5,4.120551597017533,5.360828187181068,2.9085667918893217,0.7802181454993896,3.198058858406551,5.268397387284283,7.378104025323728,10.315904199932673
283,23.583333333333332,4.120551597017542,5.367065862771358,2.9131794754081373,0.7594276344424765,3.187458052894495,5.270039636498797,7.35618586247867,10.361698617123917
284,23.666666666666668,4.12055159701756,5.374428999999148,2.9175836578712406,0.7720267212257066,3.1827211216231404,5.260282240325973,7.355100471643791,10.396480928565866
285,23.75,4.120551597017506,5.383591002375653,2.9188085261260044,0.7888501985962005,3.1903485159050975,5.272381067973665,7.359790414237661,10.377563160334375
286,23.833333333333332,4.120551597017542,5.387298071158473,2.918635162722385,0.8093187082576095,3.1881368333474285,5.281791566705203,7.369735874979683,10.37790667268986
287,23.916666666666668,4.12055159701756,5.396883666041587,2.9187747284326933,0.8289064637729764,3.1852160941495518,5.301988634555382,7.401196416310615,10.40232381498508
288,24.0,4.12055159701756,5.3996612676595594,2.9246467784354793,0.8578585886017986,3.1710109674697935,5.291266998569354,7.412544282632168,10.425658793702478
289,24.083333333333332,4.120551597017514,5.40444441555665,2.926904291109788,0.8324998834104109,3.18080406213387,5.288150966351834,7.4061183914133215,10.374918671780373
290,24.166666666666668,4.12055159701756,5.413496008954826,2.9195299806476886,0.8635700377353959,3.2107215904258997,5.277733033312441,7.393955725850887,10.400912814259476
291,24.25,4.12055159701756,5.413699901706244,2.9241592159618253,0.8314003667961846,3.1931005561108385,5.2866791635289205,7.3925524273861996,10.402976886826094
292,24.333333333333332,4.120551597017542,5.41443081827387,2.9247136645788907,0.79829167645639,3.213095911039669,5.264216173849861,7.423068585363957,10.394004730252147
293,24.416666666666668,4.12055159701756,5.418248718740116,2.9271754453755507,0.858478485793983,3.198969628584419,5.274856300359749,7.427750944246379,10.41462150517544
294,24.5,4.120551597017613,5.423646533725449,2.9267649394594226,0.9104407889333529,3.1818045431861814,5.296912325851554,7.413145886699374,10.375797481425412
295,24.583333333333332,4.120551597017568,5.432268104864174,2.930037797655182,0.8916860453226226,3.2391076511526298,5.314535662867352,7.400904996652911,10.41860610915769
296,24.666666666666668,4.120551597017613,5.442114763097012,2.932239833988616,0.9041441994724841,3.2198352566939983,5.295887072394147,7.424253639495509,10.470541298181413
297,24.75,4.120551597017587,5.45087482053443,2.934189969913434,0.8686988381966372,3.2177520917306977,5.312238826858157,7.467408118675467,10.488426788847853
298,24.833333333333332,4.121194436048594,5.456206310923339,2.930036433130694,0.8704703850466224,3.2472831768042805,5.315792908880662,7.493331884199692,10.484768096116763
299,24.916666666666668,4.121837275079638,5.458146957335455,2.933801804784934,0.8655522801660995,3.2686679954916356,5.313852275011342,7.501770127489754,10.448740367422724
300,25.0,4.122480114110718,5.470360816880886,2.9399976300122908,0.8782652897805826,3.285548095672012,5.333320684690291,7.5184486466066875,10.523626123720764
301,25.083333333333332,4.123122953141698,5.480604441285952,2.9408209429837897,0.8831904455147548,3.2964787292590807,5.311040400540255,7.490156131158937,10.541387444236507
302,25.166666666666668,4.123765792172743,5.487610769215754,2.945523565273213,0.8302294828930242,3.295636722861983,5.325142926503958,7.493587814879424,10.601665332900561
303,25.25,4.123765792172743,5.489127308532162,2.9442450919546914,0.8442915009682725,3.301561217896808,5.325100791452367,7.501892900325764,10.546337523724377
304,25.333333333333332,4.123765792172672,5.500263787272811,2.939971400579851,0.934400863921705,3.328993605655199,5.33576863179942,7.533801547229587,10.550614405978468
305,25.416666666666668,4.123765792172664,5.508058467927628,2.9330372489514467,0.8983986717084523,3.342151242194638,5.35694537165287,7.5162433957791155,10.55759509066157
306,25.5,4.123765792172664,5.513975895174047,2.9423509087941375,0.9192060849473546,3.348932005316697,5.36716664664901,7.5038086981261465,10.564582073310582
307,25.583333333333332,4.123765792172725,5.516516112810044,2.9407580564354086,0.9052130655364946,3.334643055257338,5.3936147923669475,7.502544499639885,10.559485796152435
308,25.666666666666668,4.123765792172717,5.524570077179118,2.9355306915551655,0.9676285086415111,3.3578422337552984,5.371583201284942,7.5079461113902015,10.577441662520974
309,25.75,4.123765792172771,5.526104104847493,2.9384894928671645,0.9958335619175709,3.345209756620493,5.380151457179977,7.507379434230678,10.595108575179651
310,25.833333333333332,4.123765792172725,5.53284687673385,2.9377683123649336,0.9663545451657297,3.363326965669872,5.3854448152288334,7.5191487676403295,10.606526259993302
311,25.916666666666668,4.123765792172717,5.541776187665651,2.9372597469897173,0.9635037204456748,3.380495919478707,5.358940902485747,7.5840232135378844,10.615354466212892
312,26.0,4.123765792172717,5.547151270755043,2.935460420977774,0.9820297306784326,3.3739130537122577,5.375165389068873,7.5497264268522795,10.588169618822462
313,26.083333333333332,4.123765792172725,5.55242121413351,2.9350755188307884,0.9562002036309997,3.4176542511942625,5.3880571759976,7.555718553453511,10.624548386323676
314,26.166666666666668,4.123765792172744,5.560725969339859,2.9387101923031977,0.9291076442967419,3.42050418873375,5.397749516462308,7.557254511166432,10.628631612311764
315,26.25,4.123765792172717,5.566293414559892,2.9378357417490233,0.9650664305080088,3.451184744345623,5.409263287401833,7.567260153048508,10.628086933430042
316,26.333333333333332,4.123765792172753,5.575268711105724,2.9380201115771136,0.999989999550629,3.416698123359769,5.374928312081762,7.579246626527972,10.574836544682812
317,26.416666666666668,4.12376579217269,5.579580907954333,2.935135724866984,1.0052210346021868,3.4296830403697958,5.400407766157528,7.567409214634951,10.613772671167183
318,26.5,4.12376579217269,5.583228783679078,2.930413199178189,1.0458778189211864,3.447399268931109,5.4043629655738235,7.5922338526917255,10.616865253199165
319,26.583333333333332,4.123765792172699,5.591911225968986,2.931933150888279,1.0216313829774955,3.4399680991215065,5.422343570048058,7.585786677309246,10.6126415710186
320,26.666666666666668,4.123765792172716,5.595143700027487,2.9331014019936426,1.0063507574591894,3.451129760129753,5.4231456348158895,7.594758497490564,10.62305915421238
321,26.75,4.12376579217269,5.605076857680623,2.9404071020684985,1.0326019285158945,3.4269759313654107,5.404755745648707,7.583666173408754,10.675253234548014
322,26.833333333333332,4.123765792172699,5.612841836042984,2.947251662054981,1.001555252933393,3.417311040816274,5.450335946080482,7.600413207982741,10.724550631751988
323,26.916666666666668,4.123765792172716,5.615895208191595,2.9540647896610275,0.9745996267254536,3.4096476398857956,5.453649973246823,7.6037323660872085,10.722000222319942
324,27.0,4.123765792172716,5.621708946861272,2.9554409642814092,0.9696492104940689,3.433671381690944,5.4656005975328545,7.626790828315248,10.688400775753601
325,27.083333333333332,4.123765792172724,5.621344112097234,2.9512473859145643,1.0242333779315325,3.4087207029307414,5.462083928887164,7.605085390572702,10.668925538512127
326,27.166666666666668,4.123765792172743,5.629009332328866,2.9547341197160764,1.0365747243415864,3.425753296578394,5.464265294628633,7.639053577582526,10.70637269475833
327,27.25,4.123765792172743,5.632339911948479,2.9590223683833123,1.0314611451574673,3.4142475533688432,5.479343711849718,7.6223055307426595,10.73112253405361
328,27.333333333333332,4.123765792172724,5.63753960223089,2.96377601794543,1.0108422534167514,3.413373274112593,5.482800520530047,7.657645652324679,10.752459256627922
329,27.416666666666668,4.12376579217269,5.645781364607875,2.968609860139072,0.9809836798762666,3.3967126277229975,5.505116395383096,7.673667984294055,10.717142144995833
330,27.5,4.123765792172664,5.644149104380923,2.9763095237734407,1.0001347222732893,3.389101695172593,5.498806375496571,7.659949957589807,10.712622768404556
331,27.583333333333332,4.123765792172725,5.651105861710212,2.983133510115133,1.0201850878635987,3.4008191785338933,5.527071039184109,7.650515881896249,10.709006204468011
332,27.666666666666668,4.123765792172717,5.660138498536109,2.9868028197631227,0.994460026243781,3.399865866400023,5.519892084463344,7.674529262856867,10.751032767817769
333,27.75,4.123765792172717,5.673480252945588,2.986733213417213,0.9835412207029685,3.4393060360101098,5.516378878214781,7.677315104817156,10.813849025442796
334,27.833333333333332,4.123765792172699,5.679869540086888,2.988505051988557,1.0013670779997557,3.448389569380783,5.541028216319545,7.72107403753683,10.753803602929203
335,27.916666666666668,4.123765792172771,5.686592991021698,2.9820720567803867,1.0177041152071247,3.437760629246446,5.540337557454896,7.720976610977827,10.757670422488758
336,28.0,4.123765792172744,5.691839798560323,2.979833711910532,0.9832511702119245,3.492864282658603,5.534132547674031,7.726245130546585,10.864523094348645
337,28.083333333333332,4.123765792172725,5.696115730885116,2.98461240987166,0.9812081315307768,3.449380991200675,5.556815355354809,7.719161732427736,10.876446449264467
338,28.166666666666668,4.123765792172744,5.701458395899798,2.9850076370893945,1.0412453357166425,3.494748294711091,5.539663293559741,7.766156720860748,10.85275743323663
339,28.25,4.123765792172744,5.702575125513548,2.985096604150391,1.050680038161035,3.4757548339249387,5.541858377426663,7.734756489796876,10.88619438004536
340,28.333333333333332,4.123765792172725,5.705508500244791,2.9828600712172766,1.0487116074476606,3.485773590772446,5.543347307578268,7.735007647984299,10.884522145546649
341,28.416666666666668,4.12376579217269,5.712648166111637,2.982289804682086,1.053680304143658,3.4943154645339027,5.544431672879215,7.744461668028165,10.884468023758927
342,28.5,4.123765792172716,5.716628693133642,2.9861595179254543,1.0821798405307375,3.5083902107331406,5.5370707532870185,7.7593212805722445,10.839309376114386
343,28.583333333333332,4.123765792172753,5.725386053852056,2.990311066411649,1.1172037578634821,3.5130138707442295,5.560755664154339,7.751163941693938,10.908641110610365
344,28.666666666666668,4.123765792172771,5.732689952813014,2.9855959645941597,1.0757166977103332,3.4651913969839745,5.581686988853838,7.756233739983043,10.850311796537236
345,28.75,4.123765792172717,5.735624570101691,2.982652359238246,1.091827989878678,3.5029081556587767,5.5961511225045575,7.805715076370776,10.863684723722919
346,28.833333333333332,4.123765792172725,5.739504437535774,2.9799053638062287,1.0582439666393169,3.499289859933366,5.603125965016854,7.766248662504376,10.886634418368173
347,28.916666666666668,4.123765792172691,5.737885457674946,2.984134139308992,1.065447257096288,3.499090109366628,5.583079327357159,7.771288307032272,10.84629033081559
348,29.0,4.123765792172691,5.742956700195277,2.9852953850715758,1.035272854766636,3.490056917719839,5.576796822307875,7.784479924429426,10.892433644837707
349,29.083333333333332,4.123765792172672,5.7443206155298725,2.9893058374716315,1.0469516691538356,3.5222227883626203,5.578457686647755,7.782878715768006,10.887116437215665
350,29.166666666666668,4.123765792172744,5.751455971328971,2.988911572020402,1.0839283634321282,3.5088828756837795,5.5792412801961255,7.761514141101365,10.954911821931386
351,29.25,4.123765792172717,5.75863917201167,2.98400259815069,1.0826385100632718,3.5273016433219473,5.610146558488028,7.764653508389266,10.932599738258073
352,29.333333333333332,4.123765792172753,5.765062854802689,2.9814879524773357,1.1092337456311196,3.549311189248806,5.599086528477544,7.786048124216621,10.990863278236551
353,29.416666666666668,4.12376579217269,5.765633984459982,2.9787100101122186,1.090282595367897,3.5477308075431377,5.612311598734597,7.803939315447684,10.976803453395407
354,29.5,4.123765792172664,5.7714987345902715,2.977203125222583,1.1209404162249648,3.561453177012851,5.617014896475816,7.779045117257764,10.92822028571142
355,29.583333333333332,4.123765792172699,5.776042785198907,2.9808546367712796,1.120810364614092,3.551624532506991,5.599504018886145,7.809428114181592,10.917936300782346
356,29.666666666666668,4.12376579217269,5.786831174131748,2.9857152837543954,1.1578308519714253,3.551467600425473,5.606711545989727,7.812414501384136,10.91438231419245
357,29.75,4.12376579217269,5.792028829195383,2.9782954960174157,1.173181859211284,3.562199545217229,5.587283821399314,7.83198469483196,10.937191097479285
358,29.833333333333332,4.123765792172699,5.794427766091226,2.981333297328424,1.1584675773114572,3.5898688812615736,5.575646654976472,7.814937276161192,10.887055191939604
359,29.916666666666668,4.123765792172724,5.8020626325138664,2.9806192941551743,1.1579605533349997,3.574384671516253,5.6308852728805485,7.825915273194467,10.890550230910229
360,30.0,4.1237657921726445,5.808727221545235,2.9840210899702133,1.1645213308739892,3.5808259819740513,5.638680243521549,7.837790877193533,10.860235298609162
