Month,Years,Deterministic_Total,MC_Mean_Total,MC_P05_Stable,MC_P25,MC_P50,MC_P75,MC_P95,Analytical_Expected,Analytical_P05_Stable,Bifurcation_Total,Bifurcation_Stable,Bifurcation_NonStable
0,0.0,1000000.0,1000000.0,1000000.0,1000000.0,1000000.0,1000000.0,1000000.0,1000000.0,1000000.0,1000000.0,559661.865234375,440338.134765625
1,0.08333333333333333,979497.406597777,979497.4065977568,979497.406597777,979497.406597777,979497.406597777,979497.406597777,979497.406597777,979497.4070338233,978817.6325714755,554841.6556542246,554841.6556542246,0.0
2,0.16666666666666666,959628.0554806425,959624.9381498419,958694.2619971184,959248.6719030207,959620.2911494311,960002.781693209,960547.5420871378,959628.0575915552,958004.4834238464,550050.1647621349,550050.1647621349,0.0
3,0.25,940363.7824919614,940363.5967232229,938339.0394034788,939529.7050722234,940368.8458447177,941170.4980328927,942407.273408652,940363.7882194469,937546.0449562102,545285.2377004097,545285.2377004097,0.0
4,0.3333333333333333,921893.3899492945,921783.2247616776,918476.0286986353,920417.5811287374,921787.6689854874,923131.5680683169,925155.367400451,921893.4018516834,917709.652526885,540544.8161549725,540544.8161549725,0.0
5,0.4166666666666667,904182.3619421282,903959.971632137,899151.9305961292,902018.5900873209,903996.2116332091,905870.1282751067,908675.3150894365,904182.383119505,898506.3006718317,535830.856658643,535830.856658643,0.0
6,0.5,887056.1267826719,886810.9671597176,880524.6075165472,884253.0991109677,886831.104200051,889346.7812670157,893060.5038167804,887056.1608054438,879792.9165906048,531147.8915260083,531147.8915260083,0.0
7,0.5833333333333334,870498.081013252,870236.0279989969,862379.8475333466,867028.9308255918,870240.4593953185,873460.7393677755,878121.6452458168,870498.131861932,861575.578292008,526500.2445371515,526500.2445371515,0.0
8,0.6666666666666666,854488.59951193,854217.4734243909,844806.9199163463,850356.6077043155,854167.9484971119,858083.7852690328,863831.884954064,854488.671523271,843852.0175571732,521889.8353401853,521889.8353401853,0.0
9,0.75,838797.2539490379,838616.6735037946,827412.5111023398,834053.263615324,838533.6143220807,843142.1017236876,849934.5513365845,838797.3517383948,826408.5964296529,517305.00902687653,517305.00902687653,0.0
10,0.8333333333333334,823598.5868453835,823398.5697804388,810449.0730429239,818137.3193515099,823317.4875936939,828594.555510425,836411.9343540003,823598.7152976622,809429.2108745675,512734.64095082396,512734.64095082396,0.0
11,0.9166666666666666,808853.7392990951,808639.5963423387,793913.1114141092,802523.970770848,808498.5809519815,814522.7647535702,823365.1053515223,808853.9035130889,792884.5796506609,508166.11919934116,508166.11919934116,0.0
12,1.0,794546.1607972027,794315.2584488469,777821.0659120377,787540.7565073618,794155.4617966934,800958.0296732672,810690.7681166469,794546.366052456,776765.8840644658,503600.40052809677,503600.40052809677,0.0
13,1.0833333333333333,780660.030941515,780419.6112731796,762354.2020761828,773013.4661888083,780248.4482705218,787672.3348728928,798519.9797991522,780660.2826687179,761045.2001742056,499038.4266895161,499038.4266895161,0.0
14,1.1666666666666667,767198.8376905854,766941.0936856503,747308.4341845099,758751.7994076768,766769.3638655023,774850.3155954459,786805.0298259258,767199.1414620385,745730.2171140357,494493.77799123054,494493.77799123054,0.0
15,1.25,753987.9145753894,753805.606750072,732612.3922912749,744850.5591184687,753668.7384838412,762396.856346689,775535.9276158618,753988.2759915643,730655.2926315865,489979.40653530764,489979.40653530764,0.0
16,1.3333333333333333,741040.0398288068,740934.5369740486,718054.6867319035,731251.0985918106,740754.7980708284,750186.4174274273,764384.5414584508,741040.4645595194,715837.5247325111,485507.64812509675,485507.64812509675,0.0
17,1.4166666666666667,728349.1802674857,728319.2839740919,703701.8796946438,717884.7646014452,728122.8615287994,738339.2222554834,753497.5768176126,728349.6740247499,701275.2455057196,481078.08266872755,481078.08266872755,0.0
18,1.5,715909.4607059024,715951.2703180822,689798.443839323,704724.8966522798,715690.6739025046,726654.4472034378,742984.7448670152,715910.0292260009,686966.5627466128,476690.2944467754,476690.2944467754,0.0
19,1.5833333333333333,703715.1592824144,703827.6466245834,675833.3316274591,691942.8823754438,703678.8534398975,715268.3679269288,732524.6004904227,703715.8083096003,672909.3885262441,472343.87206370826,472343.87206370826,0.0
20,1.6666666666666667,691760.7029398261,691941.2688301076,662385.5728026552,679306.6458751645,691800.3977589433,704118.140953626,722188.7644615127,691761.4382104648,659101.4660712052,468038.40839991317,468038.40839991317,0.0
21,1.75,680040.9078474232,680296.1153307857,648922.6950064095,666972.2832594282,680104.36948542,693196.0354363361,712206.2166174803,680041.7350767129,645540.626496755,463773.6806707629,463773.6806707629,0.0
22,1.8333333333333333,668525.7069314034,668868.3354166505,635895.3383168991,654821.2878516633,668412.7983801397,682440.6775008411,702493.1766772514,668526.6317561512,632200.9104717824,459549.4617198547,459549.4617198547,0.0
23,1.9166666666666667,657211.7329695936,657631.3239670583,622997.8797548127,642919.1370873877,657180.7381445412,671940.8175581461,692860.2216704703,657212.7609659847,619081.6693329004,455365.5202355911,455365.5202355911,0.0
24,2.0,646095.4314214074,646590.4242389511,610394.2939447584,631268.5443451009,646030.4300751123,661598.2934484129,683619.4489391057,646096.5680908122,606181.8513019709,451221.4475844567,451221.4475844567,0.0
25,2.0833333333333335,635173.309179641,635740.5143479982,598182.1246594487,619766.2153879674,635167.5731950435,651510.8742315497,674408.1860196244,635174.5599365634,593514.2317402471,447116.8396169012,447116.8396169012,0.0
26,2.1666666666666665,624441.716360488,625088.330302327,586114.871113681,608535.5908152474,624384.4801836966,641471.5668505717,665503.084849875,624443.0865164252,581076.9259049315,443051.1276732198,443051.1276732198,0.0
27,2.25,613919.460499817,614629.5922846723,574200.7845374477,597427.5380797316,613993.7514026636,631696.9373380027,656365.4792727564,613920.9553167986,568888.60363411,439023.7554754729,439023.7554754729,0.0
28,2.3333333333333335,603601.6347963283,604374.4535807074,562750.3052344155,586514.7695084673,603691.5062769505,622053.6772759388,647648.6531184453,603603.2594252375,556945.4512489524,435034.17882956914,435034.17882956914,0.0
29,2.4166666666666665,593483.6737692428,594316.990220051,551420.2488533946,575948.7310924485,593603.947632534,612445.6893200102,638831.1273259575,593485.4332362096,545243.7912348517,431082.02797595493,431082.02797595493,0.0
30,2.5,583561.1281961233,584459.4733945208,540391.1756966464,565455.3489982305,583743.9097542961,603121.3882519596,630929.1392086867,583563.0273966392,533779.8943208705,427166.93696647574,427166.93696647574,0.0
31,2.5833333333333335,573829.6617716204,574787.7312786513,529441.4350907943,554927.2175571192,574132.2612357948,593983.2004108415,623142.3008460143,573831.7054591493,522549.99534799,423288.54362254887,423288.54362254887,0.0
32,2.6666666666666665,564285.0478734712,565303.6359293542,518869.9157313484,544975.6501407572,564730.1656528852,584869.5420773352,615478.3023041098,564287.2406528566,511550.3063726297,419446.4894938294,419446.4894938294,0.0
33,2.75,554918.7109146233,555997.6991172385,508380.58156321954,535226.603273608,555307.7468213995,575977.3064311331,607766.193548897,554921.057210568,500773.0067775917,415636.6814345806,415636.6814345806,0.0
34,2.8333333333333335,545668.1316407942,546839.7823025597,497947.93319677655,525617.0253648455,546073.3193327796,567340.0989621957,600091.3945675822,545670.6353671859,490161.80308981956,411855.20585396024,411855.20585396024,0.0
35,2.9166666666666665,536529.0948200569,537788.5646359756,487749.80912691564,515936.97052677115,536989.7312313514,558934.9217966637,592418.5868836466,536531.7596217355,479713.49641672365,408098.32399658085,408098.32399658085,0.0
36,3.0,527501.8599903183,528845.1437715678,477773.2276860232,506272.6234244532,527991.0945417527,550497.1358974349,585121.8241355759,527504.6892602532,469428.8090721034,404366.06945710443,404366.06945710443,0.0
37,3.0833333333333335,518586.6174994496,520006.50740082253,467520.58091538295,496894.1697204679,519049.95717756834,542173.3958831428,577265.4340116199,518589.6143739394,459304.3675034907,400658.47144248785,400658.47144248785,0.0
38,3.1666666666666665,509787.44777300634,511287.0452204791,457681.0737142791,487897.5663515795,510227.9683953546,533717.8400786065,569495.6082379523,509790.6151622789,449344.15822274255,396979.06052252266,396979.06052252266,0.0
39,3.25,501156.7455616935,502716.0552979331,448301.3215684015,478969.11077794316,501674.4170844511,525659.2868344117,562362.666021015,501160.08657115337,439594.36120294925,393331.1957897426,393331.1957897426,0.0
40,3.3333333333333335,492694.661082216,494309.22215354635,438881.5426746634,470140.84772636497,493127.2880005193,517532.8350892441,555066.2577423286,492698.1786671121,430054.4786256827,389718.0694102504,389718.0694102504,0.0
41,3.4166666666666665,484397.4049373566,486068.07419597456,429546.71830659907,461408.4548146634,484733.2542844347,509514.2459715499,548348.4026716638,484401.1018747827,420720.4769399709,386139.33494577516,386139.33494577516,0.0
42,3.5,476261.2848836869,477991.2762147134,420718.78116884344,452814.80007154867,476547.49975172547,501816.54893691454,541841.1287934681,476265.16377561976,411588.37085067824,382594.6496168365,382594.6496168365,0.0
43,3.5833333333333335,468282.70301927155,470072.7146685999,412100.2727344695,444450.76881316025,468492.923315552,494265.6478473495,534853.0187579155,468286.7662915816,402654.2241884334,379083.67426139506,379083.67426139506,0.0
44,3.6666666666666665,460458.15306231973,462307.9264934701,403092.405711783,436277.8429046759,460648.0833472506,486801.77794080717,528648.6449271087,460462.40296413476,393914.15068489296,375606.07329400646,375606.07329400646,0.0
45,3.75,452784.7518656138,454692.53965246293,395022.06144425354,428184.88271784806,452888.4048669118,479457.1787491705,521939.55312551704,452789.19048524415,385364.76927619515,372162.0251100393,372162.0251100393,0.0
46,3.8333333333333335,445215.93201381864,447197.7262802061,387080.0889492343,420402.96580360044,445335.1927138026,472570.9031607766,515545.0270168094,445220.56069055,376965.67908132414,368751.6873030113,368751.6873030113,0.0
47,3.9166666666666665,437751.61993615644,439804.48496120126,379154.8787264177,412628.2129898315,437828.9604186081,465324.82285397535,509186.8072623477,437756.4397794313,368716.44039215625,365375.19738470984,365375.19738470984,0.0
48,4.0,430391.17032953113,432506.6261387315,371471.87371209555,405014.4114708333,430444.9724789287,458443.6578527606,502790.28731878183,430396.18221157126,360616.060075026,362032.1819203194,362032.1819203194,0.0
49,4.083333333333333,423133.91237417294,425311.79508730443,363627.3953113468,397536.33752559463,423198.54597594636,451185.29998108925,496617.33881321474,423139.1169337862,352664.235393203,358722.27213563735,358722.27213563735,0.0
50,4.166666666666667,415978.67654420534,418219.92379076645,355762.19571815466,390326.71134917927,415913.0728997757,444540.4384168904,489633.575239304,415984.07418152405,344859.36130210327,355444.6252215864,355444.6252215864,0.0
51,4.25,408963.4637424341,411249.9444379155,348123.8591455041,382953.41019788315,408920.8126142529,437762.78561960143,483417.98040276,408969.0553094188,337232.09137735417,352198.42558992933,352198.42558992933,0.0
52,4.333333333333333,402084.66076728643,404417.25490251667,340939.81255926075,375748.31449384615,402008.53016328014,431021.316021661,477129.80582202895,402090.44695316214,329778.1645751731,348982.88410224125,348982.88410224125,0.0
53,4.416666666666667,395339.2186118095,397717.8212127176,333526.6477142303,368806.56613751024,395214.8375557814,424689.3138519991,470722.44150446856,395345.1999592977,322493.7920670822,345797.69831551565,345797.69831551565,0.0
54,4.5,388724.16597628494,391147.3459903173,326673.85217081057,361997.8326449018,388291.91416242917,418509.19547234656,465276.3053331261,388730.3428753068,315375.2528593935,342642.568937383,342642.568937383,0.0
55,4.583333333333333,382236.60703310004,384705.3684640053,319840.5692138139,355364.6527840937,381771.5556042211,412248.15064511733,460029.1421516853,382242.97973736643,308418.8935357753,339517.1997910886,339517.1997910886,0.0
56,4.666666666666667,375873.719263421,378385.14173367654,313320.6250469112,348858.9348349905,375292.36823734955,406071.68033709173,454668.4867654355,375880.2878816577,301621.12787969504,336421.29778088856,336421.29778088856,0.0
57,4.75,369619.1006328023,372169.5642951934,306892.46746735973,342394.01015636226,368892.00243019883,400036.96606182307,448795.069749521,369625.8647948496,294967.54267938924,333339.71840964974,333339.71840964974,0.0
58,4.833333333333333,363363.9085281293,365993.4406669763,300218.2704404368,336110.7065096468,362562.4705129134,394030.655482662,443301.43406420306,363370.8650484304,288370.6325908874,330258.0123276688,330258.0123276688,0.0
59,4.916666666666667,357100.1579070167,359805.05847100186,294187.0637111513,329784.02203777735,356176.4169140484,388034.7083619569,437327.0099637103,357107.3028603482,281824.5130681758,327162.41720483755,327162.41720483755,0.0
60,5.0,350833.65640091134,353605.9621737978,287897.19113891764,323421.02872934006,349863.1443585015,382062.429154635,431583.73121678067,350840.9854893072,275334.23113869654,324054.19619182794,324054.19619182794,0.0
61,5.083333333333333,344570.041593579,347403.43626975326,281423.3499381418,317079.2734504694,343673.6432339299,375804.1460600722,425803.1940475872,344577.55016281136,268907.2006005578,320934.600240291,320934.600240291,0.0
62,5.166666666666667,338326.8416371966,341219.45457181474,275182.4237535831,310921.51599861484,337235.96519642405,369908.63032952126,419906.5724457522,338334.52505926887,262557.05060854537,317818.76487848547,317818.76487848547,0.0
63,5.25,332203.6352812344,335108.74610181665,268838.21667540225,304739.82196632563,331188.2581649745,363776.728013985,414174.6306701081,332211.491556912,256360.3635547932,314721.11563546467,314721.11563546467,0.0
64,5.333333333333333,326209.54036039545,329133.79279757827,262858.71165606193,298695.3816543252,325059.1240502206,357654.3369859599,408762.24443255906,326217.56777564215,250322.41950473978,311655.37702382845,311655.37702382845,0.0
65,5.416666666666667,320341.40343404596,323286.12407236715,256975.9251221163,292636.1048262102,319187.15422472206,351861.66907684284,403180.48721418896,320349.60018096253,244438.9503331091,308621.1969312891,308621.1969312891,0.0
66,5.5,314596.15934502915,317555.46827492525,251205.54922233417,286797.3906633161,313283.62680015154,346023.4649224807,397672.3326479116,314604.52353662404,238705.8013934982,305618.227457502,305618.227457502,0.0
67,5.583333333333333,308970.82842044,311943.976324659,245609.77486946466,281184.1332482074,307499.55917775875,340452.3761584698,392218.62300366093,308979.35809452145,233118.92904022284,302646.1248589749,302646.1248589749,0.0
68,5.666666666666667,303462.51377176173,306448.1905830977,239948.6029582027,275850.37736593804,302057.1593655107,334941.1543386773,386995.4262980317,303471.2068963647,227674.3981427048,299704.5494947685,299704.5494947685,0.0
69,5.75,298068.39869045524,301070.61310580303,234685.3175842521,270361.87253222713,296766.2072404149,329549.1636384552,382096.785662828,298077.2531533135,222368.37958074795,296793.16577297595,296793.16577297595,0.0
70,5.833333333333333,292785.74413526396,295806.14089237095,229541.60224975576,265063.91672131035,291601.108400083,324455.2389687191,377235.07273158873,292794.75776239746,217197.14777698545,293911.642097968,293911.642097968,0.0
71,5.916666666666667,287611.8863076558,290648.62635963876,224598.8274504613,259711.21024478885,286466.087720828,319100.28982277395,371944.4767622669,287621.0568656303,212157.0782062191,291059.65081839304,291059.65081839304,0.0
72,6.0,282544.2343119777,285594.3525017304,219514.10497449254,254769.76769930078,281447.2020277433,313882.96420524,367078.08056977566,282553.55951431545,207244.64493804044,288236.8681759193,288236.8681759193,0.0
73,6.083333333333333,277580.2678970446,280642.22269024374,214691.30228796025,250038.0663237602,276263.590535699,308918.99514025706,361992.45938875066,277589.7453892391,202454.19381546514,285442.9742547083,285442.9742547083,0.0
74,6.166666666666667,272717.5352760227,275786.7780537169,210197.99503071504,245191.94918373143,271391.280824224,303708.6955811153,357276.5297713884,272727.162658589,197782.5356910634,282677.652931607,282677.652931607,0.0
75,6.25,267953.6510216014,271028.59381851717,205442.34220961138,240492.73110607115,266575.59882840584,298569.9674494548,352579.8102471347,267963.4258510544,193226.56746034027,279940.591827049,279940.591827049,0.0
76,6.333333333333333,263286.2940335743,266365.90812386095,200831.60882322546,236009.0985047853,262008.38907780743,293772.615549006,347537.00999821135,263296.2138263264,188783.2697008339,277231.48225665215,277231.48225665215,0.0
77,6.416666666666667,258713.2055760691,261792.07354447432,196366.92631666877,231430.6655653711,257472.97817574415,289223.1059655343,342993.09005311294,258723.26780999414,184449.70437473766,274550.019183503,274550.019183503,0.0
78,6.5,254232.18738178466,257309.52120358177,192119.72886887906,226921.24141381023,252919.19653175276,284742.13397812156,338455.71771050483,254242.38949299126,180223.01259483106,271895.90117111616,271895.90117111616,0.0
79,6.583333333333333,249841.09982070085,252915.55386900812,188051.08658363443,222613.70945121103,248338.67760374484,280267.410416913,334152.0348506333,249851.4392172052,176100.41246860646,269268.8303370596,269268.8303370596,0.0
80,6.666666666666667,245537.86013083323,248609.31030871754,183760.87482233415,218213.6071003017,244173.3888604879,275684.36383962043,329702.6722819727,245548.33419483103,172079.1969828537,266668.51230723434,266668.51230723434,0.0
81,6.75,241320.44070870464,244391.18739810766,179807.97376084665,214002.07962624225,240010.07008124457,271366.0058078702,325193.38992819947,241331.04679853082,168156.7319550292,264094.65617079835,264094.65617079835,0.0
82,6.833333333333333,237138.14050594368,240234.65169377092,175933.75679771052,210105.0415362324,235751.8496413757,267161.342059084,320715.6029757478,237148.87311646377,164296.69405053277,261546.97443572612,261546.97443572612,0.0
83,6.916666666666667,232992.1965511203,236109.39788709997,172193.23716477733,205974.85969846018,231639.53181068721,262992.1218058923,316143.14130251424,233003.05006235608,160499.40240540187,259025.1829849923,259025.1829849923,0.0
84,7.0,228883.7787137481,232018.8526958125,168250.8777263598,201894.7398339803,227649.13870633958,258771.42696648464,311806.24729139317,228894.74742289254,156765.1017860491,256529.00103337114,256529.00103337114,0.0
85,7.083333333333333,224813.99048229487,227962.53898642535,164379.1446693702,197878.0921597868,223530.31074610783,254432.27533256705,307226.660486045,224825.06861047904,153094.43016637766,254058.15108484132,254058.15108484132,0.0
86,7.166666666666667,220783.8698272065,223939.4647182906,160659.85294927898,193723.68261235917,219443.54015341518,250075.27976274944,302632.545567699,220795.0515316558,149487.45581537695,251612.3588905876,251612.3588905876,0.0
87,7.25,216837.7638627585,219975.73793243614,157054.2321212927,189787.18813418286,215592.0571466242,246195.7804520023,298742.7119687835,216849.04616238666,145973.38131243235,249191.35340758966,249191.35340758966,0.0
88,7.333333333333333,212973.64679707674,216094.99554255052,153622.12208710148,186113.46509511775,211581.85852795193,242123.26745650067,294588.6942184303,212985.02672788617,142549.63103697932,246794.86675778916,246794.86675778916,0.0
89,7.416666666666667,209189.54876797897,212294.87276173805,150178.47469521992,182424.28619037638,207766.33738037755,238233.30947946245,290393.96798329067,209201.02336481554,139213.7048329349,244422.63418782657,244422.63418782657,0.0
90,7.5,205483.5540954767,208572.7010508413,146809.66195506888,178869.4401938702,203916.49750055652,234599.694819307,286455.9150741794,205495.1204143908,135963.17575776356,242074.39402933844,242074.39402933844,0.0
91,7.583333333333333,201853.79959536667,204929.56665960938,143723.17621638012,175427.26218136237,200242.89903930033,230740.73714282623,282287.13242918765,201865.45470742745,132795.68785214928,239749.88765980714,239749.88765980714,0.0
92,7.666666666666667,198298.47295154698,201359.3160837807,140572.8287191274,172069.2167126579,196796.21380895766,227132.54520932146,278427.0690902324,198310.21394737845,129708.95400153399,237448.85946395455,237448.85946395455,0.0
93,7.75,194815.8111447931,197865.0339385596,137546.86351534215,168582.06845908624,193322.62616329818,223369.81106699444,274728.8755525891,194827.63513617968,126700.75385241523,235171.0567956707,235171.0567956707,0.0
94,7.833333333333333,191404.09893582546,194442.4926222985,134543.75638434896,165381.06139409458,189825.01893695147,219647.48052395423,271165.55347889423,191416.0030550574,123768.93179143558,232916.22994047054,232916.22994047054,0.0
95,7.916666666666667,188061.66740059154,191089.75906925419,131539.7175962618,161982.93185216543,186432.20254717564,216149.90750993727,267734.9614687345,188073.6488064356,120911.39499092364,230684.13207846953,230684.13207846953,0.0
96,8.0,184786.892515772,187806.0590244497,128751.24138695865,158920.4657778117,183236.36269692,212582.70821319392,263919.3176033387,184798.94837974076,118126.11149654309,228474.5192478711,228474.5192478711,0.0
97,8.083333333333334,181578.1937926044,184589.0463723574,125974.15073422359,155947.3366075682,180052.03157131336,209205.99279053113,260350.0333847371,181590.32131333888,115412.21094844588,226287.1503089578,226287.1503089578,0.0
98,8.166666666666666,178434.03295719743,181433.78940889,123272.528766134,152952.05546088776,176756.1923748005,205785.46523887076,256902.85133964225,178446.22935859385,112767.70016275103,224121.78690857854,224121.78690857854,0.0
99,8.25,175352.91267558353,178342.87856917334,120380.43095640565,149994.39248306162,173597.64672173583,202494.11499782722,253890.78422934536,175365.17521225638,110190.64517889998,221978.1934451248,221978.1934451248,0.0
100,8.333333333333334,172333.3753218313,175314.47768605102,117707.4589257346,147124.4152459232,170589.20020536397,199346.37830642256,250227.82601389612,172345.70127078833,107679.16944463471,219856.13703398785,219856.13703398785,0.0
101,8.416666666666666,169374.0017876076,172345.34869092147,115227.23561335391,144252.40897692752,167619.78663331195,196102.6094099546,246637.41484341508,169386.38845795096,105231.452073001,217755.38747349026,217755.38747349026,0.0
102,8.5,166473.4103316453,169435.20611514497,112872.67730510487,141419.72592276323,164677.40990149073,192970.38887036766,243185.87718593542,166485.85505863166,102845.72612915192,215675.7172112843,215675.7172112843,0.0
103,8.583333333333334,163630.2554676364,166583.23843862218,110394.86643441625,138761.70662735723,161803.87842454534,189917.19636845798,240412.91664450034,163642.75562050738,100520.27698556815,213616.9013112104,213616.9013112104,0.0
104,8.666666666666666,160843.2268891288,163786.8600239964,107909.11653135392,136266.3409501239,158983.20686675207,186866.02304051578,237419.20484795494,160855.77985942876,98253.44070560181,211578.7174206087,211578.7174206087,0.0
105,8.75,158111.04843006562,161044.1490623002,105486.6253691156,133697.24092859455,156262.21460350754,183910.03051902482,234384.08934814754,158123.65163414064,96043.60249578227,209560.9457380767,209560.9457380767,0.0
106,8.833333333333334,155432.47705965754,158355.64380074322,103125.50970914133,131152.64414314664,153485.46711467346,180961.58191167162,231201.96092250495,155445.12795146691,93889.19520225024,207563.36898166678,207563.36898166678,0.0
107,8.916666666666666,152806.30191033383,155718.54380579563,100965.96477069957,128604.12227801752,150827.76218311282,178183.21982577592,228321.45860663865,152818.997972066,91788.6978330942,205585.77235751666,205585.77235751666,0.0
108,9.0,150231.34333756732,153131.90034390762,98925.91425179095,126102.01764311577,148315.0004686621,175623.9267287155,225019.98181928528,150244.08208483973,89740.63414764844,203627.94352890656,203627.94352890656,0.0
109,9.083333333333334,147706.45201041613,150595.539878173,96838.76476793758,123629.17523930801,145793.0835154929,172977.0828130964,222403.5439578087,147719.23098967344,87742.59249507454,201689.6725857366,201689.6725857366,0.0
110,9.166666666666666,145230.50803167184,148106.77118103908,94720.5482198272,121363.62874853365,143247.40018242184,170284.46475054236,219429.5927003328,145243.32482381843,85793.24929523404,199770.7520144184,199770.7520144184,0.0
111,9.25,142802.42008654756,145666.09357743172,92722.10452102554,119102.79246074529,140715.6109381175,167587.85099720454,216682.4092522652,142815.27230302693,83891.31863581068,197870.97666817412,197870.97666817412,0.0
112,9.333333333333334,140421.12461888118,143271.94351650254,90771.26169055104,116847.33486268026,138344.31940398942,165021.2904121959,213942.44422501815,140434.00991007144,82035.55112896669,195990.14373773788,195990.14373773788,0.0
113,9.416666666666666,138085.58503386987,140923.8221279067,88919.87201460563,114673.39053631417,136071.72899559332,162548.97820216633,211135.70136365277,138098.50108198792,80224.73278954686,194128.05272245294,194128.05272245294,0.0
114,9.5,135794.79092639041,138618.75384651113,86958.72182456762,112513.73430364291,133787.61775423953,160062.6134646844,207857.90819620717,135807.7354433209,78457.68396196309,192284.50540175862,192284.50540175862,0.0
115,9.583333333333334,133547.75733399682,136356.43977796522,85126.646863281,110380.82760601932,131489.31017172625,157669.97842281725,205082.83021727478,133560.728061181,76733.25828057244,190459.30580706208,190459.30580706208,0.0
116,9.666666666666666,131343.5240137217,134136.5752549252,83357.96686432319,108306.7900364018,129333.32046460913,155416.68553625495,202696.17226432217,131356.51873664095,75050.34167115386,188652.26019398816,188652.26019398816,0.0
117,9.75,129177.90562560012,131955.80468650383,81518.60659012667,106235.48942963842,127073.06516365128,152950.72512290732,200370.14243246563,129190.92170498142,73406.0049610716,186856.3249990183,186856.3249990183,0.0
118,9.833333333333334,127023.52140835494,129796.87882757303,79858.32047544232,104287.96015810932,124855.32471306744,150542.1845677975,197720.18456159104,127036.55267021329,71784.27109586167,185064.79301203392,185064.79301203392,0.0
119,9.916666666666666,124878.25018190237,127643.1440508189,78219.75296982825,102249.7917825126,122698.89504441353,148170.5686629202,195166.31783386238,124891.29006031236,70183.72933114215,183271.28753928829,183271.28753928829,0.0
120,10.0,122742.55414205664,125496.82684681554,76421.21611258601,100323.69478180162,120557.30048317606,145912.3102061177,192601.47721622567,122755.59642243749,68604.16954527557,181476.36094156894,181476.36094156894,0.0
121,10.083333333333334,120616.04588068447,123357.8132946858,74752.99683094569,98411.54374577095,118502.77572037888,143629.43864923128,189717.92410439928,120629.08501013559,67045.06642129373,179680.55726559277,179680.55726559277,0.0
122,10.166666666666666,118502.71721656487,121231.29636008575,73223.50538664994,96552.727096766,116434.05161029895,141281.1595978904,187121.06625511788,118515.7481191998,65508.452173314,177890.8090933553,177890.8090933553,0.0
123,10.25,116429.5467037707,119133.76670720945,71600.59911958869,94637.84796660572,114262.59468958594,139017.6830537685,184737.13474511862,116442.56699479619,64009.742715752174,176113.7102318644,176113.7102318644,0.0
124,10.333333333333334,114398.46728761533,117077.65788163438,70044.34100559556,92778.57068449025,112310.30384334957,136759.93660795595,182270.62656954664,114411.4750819757,62549.45594739054,174355.52178891332,174355.52178891332,0.0
125,10.416666666666666,112408.49166163386,115061.27950536009,68449.94450152994,90921.93359063522,110352.35152821368,134459.01446786447,179368.00600364097,112421.48511878717,61126.50332380031,172616.02640277112,172616.02640277112,0.0
126,10.5,110458.65902306388,113085.77782057223,67090.03461422132,89227.62273434484,108293.68199341648,132350.96592247352,176844.28270231542,110471.6363458722,59739.82991369227,170895.00944202146,170895.00944202146,0.0
127,10.583333333333334,108548.03426777212,111149.51288945106,65747.17879133995,87539.07833244884,106375.00219993059,130300.74435862756,174254.742662417,108560.99370358276,58388.41328584726,169192.25896780926,169192.25896780926,0.0
128,10.666666666666666,106675.70721254451,109250.44136666949,64240.98022475597,85864.33898705788,104516.21512194182,128259.76779660532,171784.34302883322,106688.64705973126,57071.26243659279,167507.56569666305,167507.56569666305,0.0
129,10.75,104840.79184370958,107389.73119082596,62878.656072356585,84172.92531412549,102653.2376676604,126407.89175037065,169505.2355209914,104853.71044662502,55787.416745576076,165840.7229638838,165840.7229638838,0.0
130,10.833333333333334,103042.42559110775,105566.11493662087,61481.97106964157,82541.90724338181,100849.2872335813,124415.49941102293,166916.1549069974,103055.32133798493,54535.94497558242,164191.52668749023,164191.52668749023,0.0
131,10.916666666666666,101279.7686264594,103778.82284653072,60126.26889117322,80917.98271868407,99075.3309371921,122461.16285380174,164743.68196675717,101292.6399504147,53315.94430723447,162559.77533271216,162559.77533271216,0.0
132,11.0,99552.00318522411,102025.6875294549,58793.63989305245,79303.69155778484,97328.7836877311,120454.411850435,162209.1965214928,99564.84856407343,52126.53940500788,160945.26987702158,160945.26987702158,0.0
133,11.083333333333334,97858.33291107968,100306.15137269607,57599.84189029484,77817.17194626332,95637.57027594454,118532.34058241785,160360.21552727197,97871.1508639377,50966.881514630855,159347.8137756933,159347.8137756933,0.0
134,11.166666666666666,96197.9822221856,98620.32566441462,56462.919717110984,76266.88923852374,93931.9236010119,116657.30263301887,158167.7364318065,96210.77131142058,49836.14759624068,157767.21292788634,157767.21292788634,0.0
135,11.25,94570.19569842942,96966.91201498763,55361.18523862667,74837.45980294135,92326.34322694648,114845.84381005482,155852.1291224975,94582.95452851654,48733.539483233224,156203.27564323661,156203.27564323661,0.0
136,11.333333333333334,92974.23748888653,95345.9740562893,54105.68826830451,73375.47589269554,90710.22967779421,113117.51472758775,153500.53037329897,92986.96470385182,47658.2830711003,154655.81260895365,154655.81260895365,0.0
137,11.416666666666666,91409.39073875523,93755.71800673881,53079.57297186089,72047.75188986679,89148.26998322517,111341.34965678398,151526.9470497488,91422.08501956989,46609.627535008745,153124.63685741165,153124.63685741165,0.0
138,11.5,89874.95703505835,92195.25057931001,52057.864506875536,70651.51307778049,87597.96152838663,109644.89855270616,149489.44474682442,89887.61711117697,45586.84458159766,151609.56373422785,151609.56373422785,0.0
139,11.583333333333334,88370.25587043077,90665.23835747952,50991.05659630972,69339.89263622511,86171.69804480401,107962.81341915364,147644.76686478834,88382.88050366503,44589.227705499514,150110.41086681944,150110.41086681944,0.0
140,11.666666666666666,86894.62412433993,89165.23503216749,49917.02400552707,68024.08501608323,84716.31062546776,106245.8859143506,145728.07778388244,86907.21211541556,43616.09149670906,148626.99813343142,148626.99813343142,0.0
141,11.75,85447.41556111135,87693.06996542818,48789.383671475014,66716.70436908692,83242.89023323261,104635.17897719506,143593.82950927544,85459.96574452461,42666.77095462517,147159.1476326274,147159.1476326274,0.0
142,11.833333333333334,84028.00034415704,86248.01286736205,47796.90334309903,65438.48540245011,81859.89509727653,102883.84032328638,141399.55406851578,84040.51158962394,41740.62083472061,145706.68365323608,145706.68365323608,0.0
143,11.916666666666666,82635.76456582746,84829.911877256,46731.13258805769,64192.523568410616,80410.25489010465,101284.34967841722,139405.91933530237,82648.23577910516,40837.01501404582,144269.4326447458,144269.4326447458,0.0
144,12.0,81270.10979233088,83437.35322852839,45725.72848480936,63004.81980352157,78975.93448025387,99621.3652760059,137359.89727490785,81282.53991897195,39955.34588020061,142847.22318813938,142847.22318813938,0.0
145,12.083333333333334,79930.45262318585,82071.53407732236,44809.83178262224,61863.223580476464,77590.69142035811,98073.64571063759,135643.11270612924,79942.84064026987,39095.09897819612,141439.88596716287,141439.88596716287,0.0
146,12.166666666666666,78616.22426469262,80730.79879382423,43830.12282382207,60685.08031473874,76264.72988107645,96539.42698495445,133838.54104729265,78628.56918329925,38255.696659356756,140047.2537400203,140047.2537400203,0.0
147,12.25,77326.87011693018,79415.87442501301,42928.59874612106,59598.480194118114,74951.2302506641,94986.25491007927,132123.96784831153,77339.17098168767,37436.57833448857,138669.16131148807,138669.16131148807,0.0
148,12.333333333333334,76061.84937380401,78126.24861286521,42098.11733394775,58451.457103542605,73737.82939647522,93638.00653471681,130169.10823111828,76074.1052623846,36637.199929220005,137305.4455054419,137305.4455054419,0.0
149,12.416666666666666,74820.63463568801,76860.80142158076,41272.595285521726,57412.477844426794,72487.56756270172,92287.49004089553,128499.99615739692,74832.84465743456,35857.033357474036,135955.94513778944,135955.94513778944,0.0
150,12.5,73602.71153422195,75618.63625886632,40483.412014962705,56337.908898114714,71270.59683241,90816.78157272469,126715.72546944763,73614.8748295178,35095.566013587675,134620.5009898024,134620.5009898024,0.0
151,12.583333333333334,72407.5783688421,74400.07660327002,39721.561343422574,55262.54096458646,70028.67135325813,89303.45589828292,124761.03474077373,72419.69410920049,34352.30028163809,133298.95578184142,133298.95578184142,0.0
152,12.666666666666666,71234.74575463918,73203.76209593337,38924.28231493,54241.482592161585,68852.23254952994,87884.46359665747,123121.10924677178,71246.81314130625,33626.75306033728,131991.1541474671,131991.1541474671,0.0
153,12.75,70083.73628115268,72029.24780787462,38151.755794029865,53277.30571445937,67696.14540019,86505.3211368359,121396.73103956805,70095.75454521921,32918.45530538525,130696.94260793182,130696.94260793182,0.0
154,12.833333333333334,68954.08418172626,70875.96469138691,37383.52979583154,52280.4667871637,66573.48000116358,85257.59160431857,119747.62959566283,68966.05258213781,32226.95158557569,129416.16954704492,129416.16954704492,0.0
155,12.916666666666666,67845.33501306183,69742.8473219667,36615.9336803059,51317.597117392055,65439.113483392386,84006.4084733891,118250.77636399765,67857.2528344781,31551.799654753442,128148.68518640645,128148.68518640645,0.0
156,13.0,66757.04534462499,68630.6184576781,35885.82283913829,50349.57675416944,64342.27712057065,82696.46652759038,116540.00354007179,66768.91190765207,30892.570043955588,126894.34156100274,126894.34156100274,0.0
157,13.083333333333334,65688.78245756598,67538.39616541358,35201.80042526181,49465.850569810864,63335.16920429381,81437.23951920297,115063.81440939229,65700.59710418519,30248.845650135674,125652.99249515841,125652.99249515841,0.0
158,13.166666666666666,64640.1240528343,66465.5194925707,34480.84507539997,48544.20488599154,62254.58884888059,80205.60402343306,113405.07721769705,64651.88615248036,29620.221359455816,124424.49357883877,124424.49357883877,0.0
159,13.25,63610.65796817593,65412.04358958378,33821.07634866297,47721.81605841957,61229.94569934407,79019.84825633226,111913.40893281631,63622.36691400592,29006.30366931213,123208.70214429742,123208.70214429742,0.0
160,13.333333333333334,62599.9819037144,64377.17748176594,33145.584950434015,46870.12020671657,60204.65140389957,77842.54058872878,110487.59397176496,62611.63711402902,28406.710329746977,122005.47724306313,122005.47724306313,0.0
161,13.416666666666666,61607.70315582742,63361.101966123344,32460.149157582127,46023.270399042376,59186.33312338489,76724.6360409917,109067.93564476653,61619.30407333589,27821.06999351013,120814.67962326076,120814.67962326076,0.0
162,13.5,60633.43835904201,62363.30556054981,31850.29403639782,45187.25905931029,58181.14024329686,75526.02026673904,107689.54738217485,60644.98444616028,27249.02187693493,119636.17170726098,119636.17170726098,0.0
163,13.583333333333334,59676.813235680565,61383.70534401583,31253.459469873676,44371.250284422465,57255.207388432456,74432.34223640672,106247.40989237092,59688.303986876694,26690.215441455697,118469.8175696534,118469.8175696534,0.0
164,13.666666666666666,58737.462353000505,60421.78207095423,30658.538004539365,43621.21547893254,56283.60052391093,73320.87094934509,104901.7025659713,58748.897283763494,26144.31006770291,117315.4829155379,117315.4829155379,0.0
165,13.75,57815.02888757951,59476.503756333506,30093.763432681855,42857.27613269021,55373.75535532847,72301.61534583807,103588.28362055363,57826.4075353171,25610.974755971605,116173.03505912953,116173.03505912953,0.0
166,13.833333333333334,56909.16439670716,58548.46248105353,29570.669264328062,42100.96052383309,54514.22062483886,71221.19432019308,102283.79415581882,56920.48631955871,25089.8878304062,115042.34290267149,115042.34290267149,0.0
167,13.916666666666666,56019.52859655253,57636.68209265908,29021.836271162076,41375.18763495778,53631.43712254932,70144.86141093963,100988.328354379,56030.79337591773,24580.73665546215,113923.27691565154,113923.27691565154,0.0
168,14.0,55145.78914688571,56741.63779721049,28511.029937594867,40601.15286765006,52741.385878426554,69195.59488819707,99658.03929133838,55156.99638546261,24083.217358101494,112815.70911431724,112815.70911431724,0.0
169,14.083333333333334,54287.621442139054,55862.250774132954,27978.803390948404,39877.30126658151,51832.496035019896,68210.19864698674,98441.51645504685,54298.770763428605,23597.034561675024,111719.51304148491,111719.51304148491,0.0
170,14.166666666666666,53444.708408601706,54998.62529855982,27478.73415497461,39160.60011503541,50894.43148234562,67137.02421330326,97153.110406865,53455.79945646827,23121.901127900568,110634.56374663814,110634.56374663814,0.0
171,14.25,52616.74030754834,54150.175673498234,26959.806959292433,38461.066340100064,50057.94462402523,66192.9391884723,95809.3495497879,52627.77274484884,22657.537906837184,109560.73776631078,109560.73776631078,0.0
172,14.333333333333334,51803.4145441101,53316.641269200394,26454.871077385535,37805.14399307439,49226.95659915931,65133.17566290832,94607.40208033922,51814.38805366312,22203.673496403044,108497.91310475029,108497.91310475029,0.0
173,14.416666666666666,51004.43548170254,52497.76207507008,25953.048982302247,37096.413500896044,48452.4334891162,64135.10239094947,93339.2039028118,51015.349765274426,21760.04400786863,107445.96921485731,107445.96921485731,0.0
174,14.5,50219.51426183195,51693.5738780591,25481.286737475937,36456.12562821887,47657.446922008574,63172.17371194495,92067.08330940116,50230.36903903852,21326.3928397587,106404.7869793962,106404.7869793962,0.0
175,14.583333333333334,49448.368629107674,50903.02286157574,24980.930055437293,35801.41060994561,46878.51543566982,62294.527907716445,90881.06451222442,49459.163638806676,20902.470460159166,105374.24869247348,105374.24869247348,0.0
176,14.666666666666666,48690.72276129422,50125.776923769154,24541.541892803434,35173.29944190315,46142.83354789512,61440.87353772579,89766.80558228468,48701.45776002901,20488.034193769894,104354.23804127902,104354.23804127902,0.0
177,14.75,47946.30710424258,49361.63265509517,24101.345632764056,34581.96703041181,45392.49472797451,60493.952475880214,88704.67948311956,47956.9818637797,20082.848016670512,103344.64008808654,103344.64008808654,0.0
178,14.833333333333334,47212.59724693699,48609.551862911154,23668.193197567634,33982.62732684102,44635.70427867987,59563.83874065509,87583.96498861206,47223.21107382684,19685.67565779193,102345.34125250897,102345.34125250897,0.0
179,14.916666666666666,46489.46177366865,47868.18896387292,23247.03583145911,33364.33781649654,43904.4180042255,58738.79929363687,86471.51804305178,46500.01400430607,19296.364265557542,101356.22929400501,101356.22929400501,0.0
180,15.0,45776.7702155581,47136.950884155645,22834.30661861836,32818.03482725488,43193.16119744208,57811.0518298131,85286.05856101733,45787.26021095736,18914.763613686107,100377.19329463267,100377.19329463267,0.0
181,15.083333333333334,45074.39306398288,46416.442239838245,22337.142154944595,32239.280548878283,42481.44826441958,56961.99775834386,84110.33533556109,45084.82020526385,18540.78260618748,99408.12364204635,99408.12364204635,0.0
182,15.166666666666666,44382.20178323387,45705.96021087057,21931.195089215853,31676.12668110303,41829.33871504369,56128.04503959262,83055.07230760272,44392.56547793723,18174.272509286035,98448.91201273337,98448.91201273337,0.0
183,15.25,43702.126853343565,45006.61520295925,21521.993068197953,31120.751956980603,41194.77729952235,55320.40561789877,81873.23166879722,43712.42699524617,17815.98291910435,97499.4513554863,97499.4513554863,0.0
184,15.333333333333334,43033.92641304129,44319.67588911895,21127.68861562935,30593.558474002908,40507.75406941268,54590.68157292333,80734.7682128133,43044.16290781206,17465.707661587603,96559.63587510778,96559.63587510778,0.0
185,15.416666666666666,42377.36407877403,43644.73225483501,20729.758015038708,30071.72954108237,39811.918011073074,53689.8782712528,79543.3214344379,42387.53684895868,17123.24626816076,95629.3610163437,95629.3610163437,0.0
186,15.5,41732.208805090944,42981.29509479526,20335.16359096679,29581.78284026145,39168.96861729746,52947.60603142502,78491.4998972178,41742.317786706735,16788.40380046847,94708.52344804171,94708.52344804171,0.0
187,15.583333333333334,41098.23474899611,42329.09488427093,19952.109253646322,29092.55556716047,38525.68781762954,52155.10628776953,77354.31637959671,41108.2798888129,16460.99068441361,93797.02104753132,93797.02104753132,0.0
188,15.666666666666666,40475.22113814485,41688.241054489685,19582.692013152948,28613.12227233835,37880.403536978025,51328.926423568446,76325.68101745074,40485.20239847068,16140.82255228327,92894.75288522235,92894.75288522235,0.0
189,15.75,39862.95214276324,41058.694317947484,19221.946001796616,28141.386083353373,37245.45197531658,50639.57231889454,75388.24758481975,39872.869501795416,15827.720085246807,92001.61920941819,92001.61920941819,0.0
190,15.833333333333334,39261.21675117469,40439.907863010565,18855.146560161003,27658.773026473595,36672.26911942467,49879.290399654856,74282.67693618314,39271.070198665875,15521.508860819027,91117.52143134094,91117.52143134094,0.0
191,15.916666666666666,38669.80864882113,39831.51520131873,18496.178588987877,27178.36604619601,36077.34125680353,49208.57546827641,73312.57272459038,38679.59818487857,15222.019208293828,90242.36211036473,90242.36211036473,0.0
192,16.0,38088.526100670606,39233.87482196666,18178.869720008566,26730.982874275876,35497.89185620057,48494.493818191375,72331.71913727418,38098.25173874924,14929.086069237277,89376.04493945438,89376.04493945438,0.0
193,16.083333333333332,37517.17183690644,38646.63439755572,17836.428086261665,26275.530248024115,34974.73902216213,47765.32218169504,71333.12172704743,37526.83360117271,14642.548858621698,88518.47473080632,88518.47473080632,0.0
194,16.166666666666668,36955.55294179669,38069.32870370176,17502.828707611967,25840.432247435274,34456.59125082442,47083.449481992015,70421.37861358564,36965.15086868491,14362.251334199886,87669.5574016882,87669.5574016882,0.0
195,16.25,36403.480745646295,37501.76137716869,17170.267032680866,25430.52351666415,33923.05765206626,46406.1503090274,69525.32688866621,36413.014881789284,14088.041467026154,86829.19996047496,86829.19996047496,0.0
196,16.333333333333332,35860.77071973735,36943.810737763866,16900.533197659144,24995.055737855208,33411.96001413684,45727.12895313352,68517.20799200438,35870.24112246075,13819.771318472862,85997.31049287762,85997.31049287762,0.0
197,16.416666666666668,35327.24237416624,36395.26115311256,16599.513261432894,24590.87440460375,32915.44702272944,45089.89787075674,67644.32607528153,35336.64911139991,13557.29691994747,85173.79814836234,85173.79814836234,0.0
198,16.5,34802.719158489315,35856.21829805263,16330.07252598945,24191.121132805696,32416.419047911804,44415.5344346025,66686.70657991766,34812.06230895865,13300.478156747435,84358.57312675673,84358.57312675673,0.0
199,16.583333333333332,34287.02836509191,35325.998477155386,16055.532182485662,23799.60372498895,31924.445480660834,43775.21356192313,65818.58885027385,34296.3080151419,13049.178654197673,83551.54666504051,83551.54666504051,0.0
200,16.666666666666668,33780.001035198235,34804.55743745883,15738.78612765363,23393.55274740557,31461.832352677302,43188.78412997907,64896.98994176461,33789.21728140313,12803.265670839108,82752.631024318,82752.631024318,0.0
201,16.75,33281.47186744231,34291.8555186701,15443.71631334236,23005.322456846145,30983.12253888823,42569.67971403586,63956.1173868747,33290.62481576956,12562.609991506131,81961.73947696932,81961.73947696932,0.0
202,16.833333333333332,32791.27912892302,33787.28580947266,15183.783876674683,22627.309859719884,30515.170217216408,41978.58646541752,63184.74358950934,32800.36889402203,12327.085825095313,81178.78629397789,81178.78629397789,0.0
203,16.916666666666668,32309.264568668605,33290.964093822426,14899.820953994325,22248.431508317735,30028.55253662516,41428.33501008619,62402.631496524904,32318.29127367235,12096.570705681232,80403.68673243158,80403.68673243158,0.0
204,17.0,31835.273333438574,32802.93753031497,14646.796573767002,21867.17442707865,29588.65887860403,40835.90258125781,61603.01015050794,31844.237109700927,11870.945396509042,79636.35702319474,79636.35702319474,0.0
205,17.083333333333332,31369.153885793316,32322.689022044688,14391.025144348461,21509.084483356582,29141.481334912212,40233.29460498275,60920.40849280975,31378.054873486475,11650.093797323789,78876.71435874871,78876.71435874871,0.0
206,17.166666666666668,30910.757924363897,31850.30725417025,14152.780478000368,21168.05862327994,28705.94736013277,39643.241466491745,60239.57906339373,30919.59627030188,11433.902853241043,78124.67688119819,78124.67688119819,0.0
207,17.25,30459.940306256874,31385.698263921844,13910.026737562044,20822.860409180976,28298.16154511248,39123.057241258146,59578.21802064856,30468.71616563198,11222.262468903911,77380.16367044112,77380.16367044112,0.0
208,17.333333333333332,30016.558971530918,30928.948592586155,13660.173969679003,20466.760814070287,27864.70918106672,38578.237129010384,58841.54197539652,30025.27250560433,11015.06542238761,76643.09473249939,76643.09473249939,0.0
209,17.416666666666668,29580.47486968423,30479.554049596984,13427.160626754758,20139.41128994271,27451.933729969867,38034.77344825257,58067.681223086845,29589.126246076154,10812.20728418448,75913.39098800832,75913.39098800832,0.0
210,17.5,29151.551888093585,30037.458671357173,13199.348216086153,19830.48529612993,27041.812111326566,37525.701224568606,57303.649478853185,29160.141282332654,10613.58633820546,75190.97426086228,75190.97426086228,0.0
211,17.583333333333332,28729.656782347825,29602.45498717777,12978.228830416621,19502.961090651283,26609.40159693734,36988.71872816455,56510.16687316285,28738.18437903791,10419.103504619767,74475.7672670142,74475.7672670142,0.0
212,17.666666666666668,28314.65910842042,29174.61258885971,12758.023166555788,19176.00542794276,26186.87920550671,36440.18780499697,55822.59615155173,28323.125097683907,10228.662263494696,73767.69360342684,73767.69360342684,0.0
213,17.75,27906.431156627496,28753.568373950486,12492.462215947004,18856.80279067811,25805.73249520031,35892.63134323368,55190.57909070744,27914.835732507563,10042.168583168157,73066.67773717332,73066.67773717332,0.0
214,17.833333333333332,27504.847887319465,28339.342400225865,12259.751719057134,18545.32537567243,25399.994264098947,35385.29508238341,54599.71016142532,27513.19124957391,9859.530851327761,72372.64499468483,72372.64499468483,0.0
215,17.916666666666668,27109.786868255964,27931.726018646164,12040.37345706468,18235.519406403753,25003.16379341371,34875.97024176092,53933.811982629,27118.069224066912,9680.659806959002,71685.52155114355,71685.52155114355,0.0
216,18.0,26721.128213615553,27530.46065780778,11815.618200866758,17954.47477938947,24620.552299867446,34356.72361357739,53191.72306357597,26729.349775783492,9505.468473143066,71005.23442001815,71005.23442001815,0.0
217,18.083333333333332,26338.75452459298,27135.741098706134,11600.976079194148,17682.877944742,24256.63318188993,33860.750970431865,52522.63310310748,26346.915508755228,9333.872092786913,70331.71144274026,70331.71144274026,0.0
218,18.166666666666668,25962.55083153845,26747.232409310604,11372.348704771714,17378.194748652983,23885.59447506736,33370.87040279763,51824.16212961999,25970.651458633907,9165.788068493288,69664.88127851959,69664.88127851959,0.0
219,18.25,25592.40453759472,26364.895905152825,11178.466434199883,17112.737011857706,23529.70240243405,32894.24702061666,51133.25143072031,25600.445035060784,9001.135901969945,69004.6733942957,69004.6733942957,0.0
220,18.333333333333332,25228.205363789202,25988.655150823506,10980.69263628952,16846.18178974855,23182.67100107779,32468.249199120546,50528.6647624872,25236.185963997275,8839.83713473963,68351.01805482444,68351.01805482444,0.0
221,18.416666666666668,24869.845295539624,25618.566922328388,10823.71361408493,16569.95921049761,22825.794350314038,32030.60145181458,49952.055813883075,24877.766233367285,8681.815291289835,67703.84631289702,67703.84631289702,0.0
222,18.5,24517.21853053312,25254.31183242118,10626.807606429833,16300.379951745766,22458.741282060782,31589.4704685774,49261.306351465195,24525.08004448699,8526.995825461509,67063.08999968991,67063.08999968991,0.0
223,18.583333333333332,24170.221427939785,24895.871658655582,10457.594859539158,16029.418156417907,22141.51495279745,31168.862507932332,48676.2493835599,24178.023761797733,8375.306067401913,66428.68171524358,66428.68171524358,0.0
224,18.666666666666668,23828.752458923056,24543.065373796635,10287.063874195283,15770.329483726948,21808.25335713002,30769.788474786186,48119.229152416,23836.495862731306,8226.67517170194,65800.55481906813,65800.55481906813,0.0
225,18.75,23492.71215841032,24195.907181903745,10130.653118059805,15500.84631233403,21502.849097280447,30371.265980217137,47468.43534365706,23500.396885525588,8081.034065939692,65178.64342087404,65178.64342087404,0.0
226,18.833333333333332,23162.003078088368,23854.064043938775,9961.120324853006,15253.682843439976,21184.39906877323,29957.49634272831,46871.36339667287,23169.62938535634,7938.31540317538,64562.88237142625,64562.88237142625,0.0
227,18.916666666666668,22836.5297405894,23517.616988921636,9774.676511274407,15008.162229716103,20875.4036990897,29574.795958596005,46343.04058505375,22844.097887429823,7798.453514419485,63953.207253519744,63953.207253519744,0.0
228,19.0,22516.198594834263,23186.450238986476,9613.66551476351,14771.643052875577,20566.84067367253,29128.591200951163,45713.1766865227,22523.708844742945,7661.384363700123,63349.55437307484,63349.55437307484,0.0
229,19.083333333333332,22200.917972500683,22860.427520542587,9441.46535344431,14536.934281990592,20258.257330176435,28709.491655787515,45096.380968473306,22208.37059215928,7527.045502833559,62751.860750350446,62751.860750350446,0.0
230,19.166666666666668,21890.59804558529,22539.48827782258,9273.360115438049,14302.169167420478,19935.825001109475,28355.37257162124,44517.67108562249,21897.993304238284,7395.376028420808,62160.064111273714,62160.064111273714,0.0
231,19.25,21585.150785029025,22223.499768002206,9103.752284777062,14073.69158028711,19650.049117574843,27954.334985962912,43967.73556863565,21592.48895593921,7266.316540719059,61574.10287888423,61574.10287888423,0.0
232,19.333333333333332,21284.4899203766,21912.41333733562,8939.283008349785,13872.715374352494,19367.727340699425,27538.545331628105,43428.34050957776,21291.771279199664,7139.8091019951735,60993.916164891176,60993.916164891176,0.0
233,19.416666666666668,20988.530900441478,21606.219520349783,8794.503851862024,13666.107476492723,19071.357752573094,27178.625150091128,42909.754096797595,20995.75572559993,7015.797197788713,60419.44376134187,60419.44376134187,0.0
234,19.5,20697.190854948767,21304.76193092316,8633.43870093523,13430.779671754637,18776.984004938655,26815.790213994584,42348.37374200194,20704.35942745568,6894.2256984626565,59850.626132399964,59850.626132399964,0.0
235,19.583333333333332,20410.38855712915,21007.981592668868,8482.341691942123,13221.851776620435,18494.35686347914,26456.837356684417,41892.09429882152,20417.501160378233,6775.040822044971,59287.404406231835,59287.404406231835,0.0
236,19.666666666666668,20128.044387237904,20715.736081567033,8334.536562684962,13013.365570786173,18225.805701321344,26102.78210275936,41412.486306527564,20135.101307082765,6658.190098257458,58729.72036699963,58729.72036699963,0.0
237,19.75,19850.034732480315,20428.015942388312,8192.417915804746,12810.776379768902,17970.997791721726,25739.033863943852,40879.464057357385,19857.036234818173,6543.607310942383,58177.25794059243,58177.25794059243,0.0
238,19.833333333333332,19580.99971412669,20147.165400198726,8069.362097191167,12613.264131521213,17730.98985432461,25416.237666793833,40423.67407831213,19587.947739944855,6432.895970311256,57629.71456848587,57629.71456848587,0.0
239,19.916666666666668,19320.49380366365,19875.36298656387,7915.125356960196,12418.572516470678,17483.081251234238,25112.145282082576,39933.99947266331,19327.390250862518,6325.849889918757,57086.80080587879,57086.80080587879,0.0
240,20.0,19067.86220958709,19612.07755988475,7781.809111221693,12242.43851849268,17242.8486295431,24774.432932921016,39464.311724983185,19074.709184299307,6222.124902131654,56548.487959605896,56548.487959605896,0.0
241,20.083333333333332,18822.846633526555,19356.80618382472,7651.15419015325,12059.11517493259,16996.806490860683,24471.5870139108,39028.17072468504,18829.64618971074,6121.592629040237,56014.74731412933,56014.74731412933,0.0
242,20.166666666666668,18585.24152534651,19109.291507785107,7528.864724565145,11877.313549692417,16757.425173309493,24162.341676994776,38617.15780848587,18591.9956881137,6024.1525368313105,55485.79205829891,55485.79205829891,0.0
243,20.25,18350.909685390117,18867.270146744813,7418.9682717633395,11712.570623290336,16540.50345817127,23841.780002029867,38210.067046063356,18357.61858250077,5928.435245249317,54961.823259232115,54961.823259232115,0.0
244,20.333333333333332,18119.841726009556,18628.425260817425,7307.987685641822,11553.82099003036,16310.132598104981,23564.431205157452,37767.55589730641,18126.50550982829,5834.420109060848,54443.030237870196,54443.030237870196,0.0
245,20.416666666666668,17891.98707685106,18392.692194943862,7192.341946954243,11380.305276503566,16083.009453359518,23289.578557114477,37372.42301272496,17898.60590154075,5742.073530786204,53929.35886490189,53929.35886490189,0.0
246,20.5,17667.296040919962,18160.11348518342,7088.797470949799,11216.891448188268,15862.007686074632,22989.741367043818,36975.098205927934,17673.870063306756,5651.362642545857,53420.75561754182,53420.75561754182,0.0
247,20.583333333333332,17445.71977780458,17930.650213629993,6989.022616207306,11053.167900476803,15653.160193554297,22696.962486708813,36605.404368197254,17452.24915776235,5562.255288635091,52917.16757217632,52917.16757217632,0.0
248,20.666666666666668,17227.210287256807,17704.348105595163,6890.337009077255,10895.895899541889,15442.408617722176,22419.381776126997,36243.13976300343,17233.695186429883,5474.7200081698265,52418.54239710648,52418.54239710648,0.0
249,20.75,17011.72039312102,17481.22345582522,6781.368704903129,10751.973348246793,15237.481582249686,22154.293021372127,35859.49386966875,17018.160975224997,5388.726019199588,51924.8283453869,51924.8283453869,0.0
250,20.833333333333332,16799.20372760323,17261.11162835848,6674.298113376368,10596.787764208722,15033.862233527907,21851.711820742243,35450.80151117584,16805.600159418264,5304.24320294951,51435.974247758684,51435.974247758684,0.0
251,20.916666666666668,16589.614715872514,17044.099251479292,6566.057806638207,10453.105174548667,14831.08741519214,21568.85314440599,35036.51697002,16595.967165568887,5221.242087408213,50951.92950567544,50951.92950567544,0.0
252,21.0,16382.908560986998,16830.059429122277,6472.661342948491,10306.399843552523,14634.151009806283,21301.125777745012,34697.8684581088,16389.217198563743,5139.693832827739,50472.64408442096,50472.64408442096,0.0
253,21.083333333333332,16179.041229136928,16618.804417191124,6366.632217616239,10157.592358052769,14432.408673615262,21023.371918633922,34273.61387625313,16185.30622645205,5059.570216807281,49998.068506317104,49998.068506317104,0.0
254,21.166666666666668,15977.969435197423,16410.368865833567,6277.0268832266365,10005.31724915619,14246.169711156874,20772.203572938015,33915.04235940331,15984.190965812442,4980.843619823338,49528.15384402088,49528.15384402088,0.0
255,21.25,15779.650628583799,16204.721833983012,6172.5993811802,9884.92246015241,14059.090749318882,20485.246314380383,33553.73116608554,15785.828868673409,4903.487011514156,49062.85171390911,49062.85171390911,0.0
256,21.333333333333332,15584.042979402493,16001.848972248888,6075.7286617598475,9742.59015900955,13866.737214505902,20230.900803528144,33193.89695890195,15590.178107867028,4827.473936735277,48602.11426954973,48602.11426954973,0.0
257,21.416666666666668,15391.105364890784,15801.796532137794,5994.007442672711,9611.687708283962,13677.17685925429,19990.433010783898,32861.748034600176,15397.197562431264,4752.778501890952,48145.89419525823,48145.89419525823,0.0
258,21.5,15200.797356138706,15604.421829586867,5902.25597256851,9475.393943830644,13507.428458817423,19771.139190652866,32501.807105910862,15206.84680467515,4679.3753620320185,47694.14469973829,47694.14469973829,0.0
259,21.583333333333332,15013.079205086668,15409.572548912725,5809.853755045171,9336.712004919596,13327.104040458164,19524.05982999464,32118.502883874487,15019.08608736155,4607.239708229689,47246.81950980517,47246.81950980517,0.0
260,21.666666666666668,14827.911831792519,15217.39584954985,5721.335853222312,9212.0185942948,13145.712478090209,19295.34638217036,31743.858025318576,14833.876331770714,4536.347255452583,46803.8728641908,46803.8728641908,0.0
261,21.75,14645.256811961895,15027.746679076388,5635.474091666207,9084.052586143414,12971.9973305386,19041.21416196655,31365.81007283171,14651.179115265044,4466.674230515676,46365.259507429415,46365.259507429415,0.0
262,21.833333333333332,14465.076364735887,14840.664802005154,5555.201661606975,8961.619955477683,12808.416267656907,18800.47787207018,31036.83759525775,14470.956659279735,4398.197360381149,45930.934683822576,45930.934683822576,0.0
263,21.916666666666668,14287.333340730149,14656.1486847505,5476.813250096435,8833.739125432752,12637.039837101984,18576.918144907417,30703.345208638882,14293.171815654816,4330.893860171855,45500.8541314824,45500.8541314824,0.0
264,22.0,14111.991210319818,14474.17020416776,5399.027696300088,8704.523847777486,12481.866303137667,18339.632287580356,30364.83551652358,14117.78805621558,4264.741422386653,45074.97407645204,45074.97407645204,0.0
265,22.083333333333332,13939.014052164644,14294.577304295262,5316.78609322826,8584.31719329065,12318.89528015974,18122.964556273557,30034.850101718985,13944.769459768095,4199.718205534408,44653.25122690205,44653.25122690205,0.0
266,22.166666666666668,13768.366541968926,14117.359885623884,5234.1417206931155,8468.163618758583,12161.318454826076,17896.629824118696,29728.520890325955,13774.080703394115,4135.802824267071,44235.642767402,44235.642767402,0.0
267,22.25,13600.013941470996,13942.357258885148,5154.763067118619,8343.44513834229,11992.544215701659,17690.480431352364,29437.39645025646,13605.687049859704,4072.974338528577,43822.106353265764,43822.106353265764,0.0
268,22.333333333333332,13433.922087657073,13769.686209362975,5081.964699300517,8224.741484889046,11834.186332765556,17474.195802457052,29063.5410780946,13439.554338006508,4011.212243791705,43412.60010496987,43412.60010496987,0.0
269,22.416666666666668,13270.057382194478,13599.316956156632,5013.5067016758685,8112.163859065093,11682.506617551724,17275.416699159457,28727.537026432798,13275.648970773596,3950.4964607667243,43007.08260264367,43007.08260264367,0.0
270,22.5,13108.3867810793,13431.288103145096,4943.193613467779,7998.7558157003195,11527.15480942469,17043.990530240866,28420.639213084978,13113.937905075043,3890.8073258471845,42605.51288063037,42605.51288063037,0.0
271,22.583333333333332,12948.877784493736,13265.409454930545,4866.209454365591,7889.68895003656,11382.673982621167,16853.77193241702,28122.551477180878,12954.388641125577,3832.125581564852,42207.85042211795,42207.85042211795,0.0
272,22.666666666666668,12791.498426868431,13101.798892464716,4789.087342916968,7782.648276776119,11236.13789911126,16669.942623560466,27809.43038859217,12796.969214161294,3774.4323679231125,41814.05515383894,41814.05515383894,0.0
273,22.75,12636.217267145288,12940.342785438874,4719.947202767483,7680.9110320171285,11095.165855142448,16467.90486972346,27481.46232563977,12641.648183836862,3717.7092132025296,41424.087440838186,41424.087440838186,0.0
274,22.833333333333332,12483.00337923626,12781.031564804014,4652.195387465794,7568.392499677491,10950.397865248146,16253.95429974002,27166.026986541365,12488.39462509975,3661.9380253644817,41037.90808130752,41037.90808130752,0.0
275,22.916666666666668,12331.826342673856,12623.776070591566,4589.396750954745,7462.473227181165,10804.709284694123,16042.843694069486,26859.899721940525,12337.178119141769,3607.10108363107,40655.47830148659,40655.47830148659,0.0
276,23.0,12182.656233449059,12468.643767774443,4525.823486123327,7362.583347902569,10659.936735302863,15844.026539691451,26563.265943143404,12187.968742907096,3553.181029794424,40276.7597506287,40276.7597506287,0.0
277,23.083333333333332,12035.463615032593,12315.514126262531,4466.820550714779,7257.573672966503,10515.272798127353,15654.30334034597,26276.422387654653,12040.737060382435,3500.160860198881,39901.71449603095,39901.71449603095,0.0
278,23.166666666666668,11890.219529575457,12164.38193487631,4406.415697968761,7153.090951290327,10379.832217872749,15456.721937085671,25967.008843310203,11895.454114235772,3448.023917966516,39530.30501812769,39530.30501812769,0.0
279,23.25,11746.895489284832,12015.170357787496,4340.163823383308,7058.276321615592,10245.685956070358,15270.804877194103,25672.572768025337,11752.091417185437,3396.753885282465,39162.494205646435,39162.494205646435,0.0
280,23.333333333333332,11605.463467971505,11867.897520800752,4275.454986798211,6971.205046331285,10126.947580995107,15090.741330037808,25399.753235575983,11610.620943301297,3346.3347757969436,38798.245350825375,38798.245350825375,0.0
281,23.416666666666668,11465.895892765066,11722.537003691723,4216.420216063276,6875.688588021589,10006.826379354308,14888.80191681279,25145.300190922928,11471.015120021197,3296.7509273668334,38437.52214469156,38437.52214469156,0.0
282,23.5,11328.165635993222,11579.072365641465,4153.902197018558,6782.886359903979,9874.668618376716,14701.190722427418,24887.36012598751,11333.246820623726,3247.986995055736,38080.288672399096,38080.288672399096,0.0
283,23.583333333333332,11192.246007221664,11437.521048526558,4103.530232280507,6686.913393278977,9755.434521890696,14534.664142166499,24610.833293166506,11197.289355280162,3200.0279438506905,37726.50940862632,37726.50940862632,0.0
284,23.666666666666668,11058.110745450993,11297.828719275925,4037.879582171792,6599.017938569462,9633.352570979983,14372.202875009529,24304.0159711415,11063.11646274628,3152.8590416888537,37376.149213031276,37376.149213031276,0.0
285,23.75,10925.734011467313,11159.93921579488,3987.002680619479,6508.579934880587,9507.37002727887,14190.569092353988,24011.38606202632,10930.702304259683,3106.4658532327167,37029.173325764605,37029.173325764605,0.0
286,23.833333333333332,10795.090380343154,11023.867837257341,3924.8362357708334,6422.43857440102,9383.665733109707,14015.2803383781,23771.927740549705,10800.02145551779,3060.834233209811,36685.547363039164,36685.547363039164,0.0
287,23.916666666666668,10666.15483408549,10889.51146224922,3875.1086867232407,6337.620625779107,9273.65763479244,13843.604743729858,23469.492491717636,10671.04889894927,3015.950319951066,36345.237312755504,36345.237312755504,0.0
288,24.0,10538.902754427698,10756.964921454499,3817.3180350442085,6252.114860676582,9160.01861725103,13676.98518181116,23202.27066299432,10543.760016403796,2971.800529159237,36008.20953018244,36008.20953018244,0.0
289,24.083333333333332,10413.309915762335,10626.134913848817,3765.0277844060492,6168.474615852828,9047.914904342124,13506.91830188372,22937.518216225144,10418.130582074506,2928.371547850354,35674.43073369203,35674.43073369203,0.0
290,24.166666666666668,10289.352478211744,10496.917554819305,3711.633030218923,6086.970805393621,8936.19367727902,13335.204206442406,22703.594365397337,10294.136756793596,2885.650328784793,35343.86800054815,35343.86800054815,0.0
291,24.25,10167.006980833517,10369.433010565368,3659.5336827755445,6006.757129153091,8815.037622008163,13180.471136954842,22475.3686858838,10171.755079619747,2843.624084237053,35016.48876274797,35016.48876274797,0.0
292,24.333333333333332,10046.25033495795,10243.647342439936,3608.3982315485528,5926.655531505368,8689.877751589209,13024.724473112827,22265.762733305728,10050.962461948831,2802.2802805760934,34692.26080291558,34692.26080291558,0.0
293,24.416666666666668,9927.059817654652,10119.508344441003,3556.784690621593,5847.948534876396,8583.504735753679,12864.497332978663,22013.898613426125,9931.736180806285,2761.6066327109143,34371.15225024712,34371.15225024712,0.0
294,24.5,9809.413065325609,9996.970340294607,3506.859765965874,5773.508045839578,8472.591007830251,12714.771975871023,21769.985631355547,9814.053872748527,2721.5910988000282,34053.131576506596,34053.131576506596,0.0
295,24.583333333333332,9693.288067421954,9876.0029435371,3449.7316439861984,5690.729273200889,8363.950740618227,12576.98427703968,21528.718744081605,9697.893527344831,2682.221874935167,33738.16759207181,33738.16759207181,0.0
296,24.666666666666668,9578.663160281872,9756.556570810317,3403.9383823202606,5611.792962827691,8259.812367506096,12416.8104756865,21290.047405145706,9583.233480997596,2643.4873900086873,33426.22944202967,33426.22944202967,0.0
297,24.75,9465.517021087062,9638.634395262763,3353.977565897274,5537.3687594969315,8160.581040617171,12269.172739246718,21044.41713687895,9470.052410928767,2605.376300713862,33117.28660232019,33117.28660232019,0.0
298,24.833333333333332,9353.824204797023,9522.195471948151,3309.852413532012,5465.525879044362,8063.635341158129,12114.953107063237,20833.655887949317,9358.324868747977,2567.876262713936,32811.308875928626,32811.308875928626,0.0
299,24.916666666666668,9243.56424631605,9407.281767862956,3262.1772043531832,5394.778871784898,7960.832959871661,11980.631644875655,20636.655381804478,9248.030389438925,2530.9764373297758,32508.26638912483,32508.26638912483,0.0
300,25.0,9134.716997898333,9293.818281702228,3212.329044906736,5320.9816856878415,7858.874081471182,11830.190696955975,20400.64309101952,9139.148825292195,2494.666196932342,32208.12958774962,32208.12958774962,0.0
301,25.083333333333332,9027.262623724675,9181.747864808252,3163.3888003167676,5249.6272339930365,7760.399116672219,11701.028551350368,20173.794089302537,9031.660340503387,2458.9323366562985,31910.86923354708,31910.86923354708,0.0
302,25.166666666666668,8921.181594581121,9071.116196213788,3116.1366093934735,5187.485113013348,7664.270094256077,11565.161285349828,19905.893402724818,8925.545405882602,2423.7647717087566,31616.456400542458,31616.456400542458,0.0
303,25.25,8816.458809730708,8961.95975610597,3069.833651251628,5110.325618700419,7568.169766221639,11433.342629942994,19673.152873488452,8820.788923065798,2389.154729129909,31324.86247146497,31324.86247146497,0.0
304,25.333333333333332,8713.075159218959,8854.166202456672,3028.790413582656,5036.8324567033,7473.562080796521,11302.279977929962,19483.25553391724,8717.371781849575,2355.09244908065,31036.059134214833,31036.059134214833,0.0
305,25.416666666666668,8611.011829859344,8747.724182078595,2989.369666789196,4970.6628336443055,7381.484837250016,11167.168146309725,19261.522759964497,8615.275168737406,2321.5683592351993,30750.01837837409,30750.01837837409,0.0
306,25.5,8510.25030014414,8642.643787598097,2950.1394012336186,4903.715548456512,7288.70189407894,11021.614006302003,19048.737067042533,8514.480562085906,2288.5730709147524,30466.712491760434,30466.712491760434,0.0
307,25.583333333333332,8410.772335251386,8538.915754839192,2907.475667912566,4837.906696744869,7200.170852231704,10879.094226529334,18840.914554705443,8414.96972689645,2256.097375188629,30186.114057023675,30186.114057023675,0.0
308,25.666666666666668,8312.559982145984,8436.468882053148,2866.638481672465,4777.646548830391,7108.583318215988,10753.077551702932,18627.092475979633,8316.72470954826,2224.132239022595,29908.19594828408,29908.19594828408,0.0
309,25.75,8215.595564772973,8335.3637151968,2823.2322568025343,4716.985313780284,7016.4756316654475,10633.360078370955,18413.35970967518,8219.727833597795,2192.6688017736287,29632.93132781218,29632.93132781218,0.0
310,25.833333333333332,8119.861679341082,8235.571342970166,2785.3766362466818,4654.554135255901,6933.19369194623,10500.581723178368,18207.569383712445,8123.961695009296,2161.6983715896085,29360.29364274939,29360.29364274939,0.0
311,25.916666666666668,8025.3411896947,8137.030572488818,2748.3973294707234,4593.873832899624,6842.123715108262,10372.805413636526,18006.440564067518,8029.409157434523,2131.2124218797076,29090.25662186895,29090.25662186895,0.0
312,26.0,7932.0172227724615,8039.717607058258,2712.478110964025,4535.662307669655,6754.663326329052,10256.275513965124,17777.200793691474,7936.053347440444,2101.2025878274467,28822.794272376617,28822.794272376617,0.0
313,26.083333333333332,7839.873164150648,7943.621087068975,2674.456351261797,4475.009577125717,6667.433486316569,10134.173292807376,17577.64433973569,7843.87765003114,2071.660663036927,28557.88087675059,28557.88087675059,0.0
314,26.166666666666668,7748.892653669686,7848.73563435951,2634.3470089283787,4417.280968851071,6585.9354311114585,10019.567400446263,17404.197488635193,7752.865704333263,2042.578596275534,28295.490989620197,28295.490989620197,0.0
315,26.25,7659.05958114204,7755.029038698076,2598.4182333851877,4361.265169663693,6500.9624071430035,9906.15247171509,17178.834811942263,7663.001399928882,2013.9484884384096,28035.599434682717,28035.599434682717,0.0
316,26.333333333333332,7570.358082139828,7662.495210893583,2564.585502116708,4312.410161038483,6421.953621246061,9787.903739550487,16973.866077313418,7574.268872109395,1985.7625892781853,27778.18130165794,27778.18130165794,0.0
317,26.416666666666668,7482.772533860564,7571.141726799199,2533.259706890872,4255.124873706356,6352.442766603428,9678.46522772044,16780.22752537056,7486.6524975671655,1958.0132943007548,27523.2119432799,27523.2119432799,0.0
318,26.5,7396.287551069405,7480.932961541216,2507.1400409984326,4201.68756416964,6275.772327617418,9562.384802183724,16619.101927954463,7400.136890348415,1930.6931417780402,27270.66697232535,27270.66697232535,0.0
319,26.583333333333332,7310.887982116382,7391.865284012306,2476.07262760329,4141.814716948209,6197.306001776724,9457.352614605701,16462.03866538588,7314.706898187261,1903.7948099069304,27020.522258678364,27020.522258678364,0.0
320,26.666666666666668,7226.558905027078,7303.95679054321,2444.245076379641,4090.0742880090665,6129.463784158221,9350.94652506083,16298.992270478697,7230.347598569878,1877.3111139426971,26772.753926430778,26772.753926430778,0.0
321,26.75,7143.285623665281,7217.144960729536,2412.3656784711347,4037.578752929045,6052.505228590569,9241.819331726345,16129.458157050212,7147.0442947831025,1851.2350033731846,26527.338351017854,26527.338351017854,0.0
322,26.833333333333332,7061.053663966144,7131.427907327073,2375.2216800780666,3987.696985760933,5980.309113634359,9134.42753848722,15927.785755778774,7064.7825120919615,1825.5595591703752,26284.252156388728,26284.252156388728,0.0
323,26.916666666666668,6979.848770238456,7046.84016689381,2338.55284172668,3938.7742496531596,5909.600580830387,9029.792005769272,15728.753224233895,6983.5479942415,1800.2779911683244,26043.47221221123,26043.47221221123,0.0
324,27.0,6899.656901534616,6963.313787311488,2309.7879948656773,3890.0669287046608,5836.3795897366435,8928.815455075555,15512.481510196614,6903.326699738286,1775.3836354251723,25804.975631110592,25804.975631110592,0.0
325,27.083333333333332,6820.464228086957,6880.842237259616,2280.2358912767613,3841.8190891479812,5764.571806056102,8826.417141004122,15301.716606561371,6824.104798589637,1750.8699517434113,25568.739765941576,25568.739765941576,0.0
326,27.166666666666668,6742.257127809098,6799.39863626094,2246.637180457219,3794.8945651219187,5694.1568212040365,8719.059257044533,15115.503987288226,6745.868668126863,1726.7305209940662,25334.74220709368,25334.74220709368,0.0
327,27.25,6665.022182861021,6719.003438922385,2217.8172285718742,3745.2230989371956,5621.4566629115025,8622.544769771052,14963.331155836453,6668.604889928151,1702.9590427628382,25102.960779828805,25102.960779828805,0.0
328,27.333333333333332,6588.746176276595,6639.627384163565,2188.4971381861096,3694.830668716198,5556.206516845557,8521.157812351848,14770.228404865478,6592.300246327392,1679.5493329269639,24873.373541651184,24873.373541651184,0.0
329,27.416666666666668,6513.416088652316,6561.260957107559,2163.509539741613,3643.8460542991443,5486.837696251809,8423.881294060182,14631.934879101304,6516.941717102226,1656.4953213148144,24645.958779709,24645.958779709,0.0
330,27.5,6439.019094896037,6483.920214054429,2130.6779676193664,3594.7773351480337,5421.398561666652,8323.492746077909,14497.121532912555,6442.516476495618,1633.791049485895,24420.695008227274,24420.695008227274,0.0
331,27.583333333333332,6365.542561034504,6407.539167616701,2102.3661183621316,3545.271259549666,5353.186749260609,8228.771771724094,14365.767595551266,6369.011889496952,1611.4306683574112,24197.560965971737,24197.560965971737,0.0
332,27.666666666666668,6292.974041078524,6332.10264807024,2074.4066989446133,3501.221415629059,5287.29928587348,8132.693626751849,14213.084575053928,6296.415509410965,1589.4084361919909,23976.535613743134,23976.535613743134,0.0
333,27.75,6221.301273944649,6257.576031431619,2047.5389912844473,3459.4118565375147,5224.783126665425,8043.274901951097,14068.117447754195,6224.715074406398,1567.7187163591627,23757.59813190169,23757.59813190169,0.0
334,27.833333333333332,6150.512180432224,6183.970269923345,2020.7833753675309,3412.2175299032447,5155.558658391365,7946.681954453726,13938.335982543656,6153.898504554074,1546.3559752536812,23540.727917921253,23540.727917921253,0.0
335,27.916666666666668,6080.594860254742,6111.24138607891,1994.262798322379,3367.4545981721453,5094.887741263064,7856.287345060253,13789.975940952669,6083.953899126434,1525.3147803108814,23325.90458397279,23325.90458397279,0.0
336,28.0,6011.537589124425,6039.424849712385,1967.5660979032273,3325.068627220714,5032.527470227011,7769.413876722981,13641.179410747436,6014.869533174205,1504.5897978712342,23113.107954536827,23113.107954536827,0.0
337,28.083333333333332,5943.3288158889845,5968.513780459395,1940.1526327533072,3284.267888404704,4972.310093271403,7679.282853056631,13492.214486958997,5946.633854705647,1484.1757912273245,22902.318064044422,22902.318064044422,0.0
338,28.166666666666668,5875.957159719543,5898.489765417914,1914.5032952380045,3243.7598022388447,4911.965161195905,7594.902499656586,13346.791507352307,5879.235482127874,1464.0676187654246,22693.515154546425,22693.515154546425,0.0
339,28.25,5809.411407348715,5829.357888429541,1890.1531822081215,3203.5147275399268,4851.704245325255,7509.939795136077,13191.178889808427,5812.663201425377,1444.2602320696706,22486.67967341048,22486.67967341048,0.0
340,28.333333333333332,5743.680510357874,5761.097375658891,1864.6429276362223,3166.7825746143126,4791.751858533775,7423.182960451899,13046.622081727022,5746.905963217736,1424.7486740246231,22281.792271045586,22281.792271045586,0.0
341,28.416666666666668,5678.753582512631,5693.679834629357,1838.9168553717502,3127.0980277444196,4733.185030925439,7339.1601757912085,12909.345471859711,5681.952880355296,1405.5280770791178,22078.833798653737,22078.833798653737,0.0
342,28.5,5614.619897145609,5627.125379294765,1815.0112560486339,3089.772192931041,4676.307131940646,7257.879481074304,12781.65248348924,5617.7932254136795,1386.5936615110643,21877.78530600836,21877.78530600836,0.0
343,28.583333333333332,5551.268884585579,5561.391827801815,1792.9855464090335,3052.322987703623,4620.926220632673,7169.407728935846,12650.28020046123,5554.416427911542,1367.9407336498437,21678.628039259154,21678.628039259154,0.0
344,28.666666666666668,5488.690129632062,5496.4733359059355,1768.731810085345,3014.6280085825083,4565.479908624775,7077.425984008347,12507.619841099402,5491.812071775788,1349.5646841858108,21481.343438763044,21481.343438763044,0.0
345,28.75,5426.873369074527,5432.358533307416,1744.2200779071932,2976.872924648641,4511.008966799168,6983.095761715375,12356.17629056934,5429.969893053733,1331.4609865652842,21285.913136940908,21285.913136940908,0.0
346,28.833333333333332,5365.8084892553015,5369.02594724864,1719.3627534276093,2939.843102054561,4456.296468518594,6905.517255792506,12234.51832902212,5368.879777518397,1313.6251953831381,21092.31895615964,21092.31895615964,0.0
347,28.916666666666668,5305.4855236753865,5306.500146470422,1698.164640815189,2904.436698108656,4402.900171064488,6827.760805862445,12105.08691043742,5308.531757829669,1296.052944690568,20900.54290663947,20900.54290663947,0.0
348,29.0,5245.894650642314,5244.750536735458,1675.259566717647,2869.480401663125,4349.56276018606,6748.060451805011,11970.20240522392,5248.916011420628,1278.7399465042538,20710.56718438588,20710.56718438588,0.0
349,29.083333333333332,5187.026190959262,5183.776980103206,1652.2315701622877,2834.1578172415866,4297.271074061249,6668.728105175545,11852.82355762322,5190.022858222511,1261.6819892981582,20522.37416914611,20522.37416914611,0.0
350,29.166666666666668,5128.870605654624,5123.520315280541,1628.8337258031831,2798.4296502126094,4243.7007061553695,6589.519107243595,11732.145618359345,5131.8427582780505,1244.874936490279,20335.94642238977,20335.94642238977,0.0
351,29.25,5071.418493751279,5063.979194353316,1605.8963755019556,2763.8167294407313,4192.109355310275,6516.727441514665,11612.42672368105,5074.366309666353,1228.3147250268482,20151.266685313265,20151.266685313265,0.0
352,29.333333333333332,5014.6605900747645,5005.154024414996,1583.955416582523,2730.121581974686,4142.373897302507,6439.237684236802,11493.297031945463,5017.584246364355,1211.9973639717923,19968.317876867815,19968.317876867815,0.0
353,29.416666666666668,4958.587763099653,4947.071044269263,1564.2971666834865,2695.9459630599085,4094.733920419839,6363.4062059943435,11390.659692080075,4961.487435848741,1195.918933054119,19787.083091810626,19787.083091810626,0.0
354,29.5,4903.191012833375,4889.691590711955,1545.8981150736531,2663.375185665567,4044.5046241502305,6290.199046546443,11237.474315236126,4906.066877289797,1180.0755813786277,19607.545598779107,19607.545598779107,0.0
355,29.583333333333332,4848.461468736792,4833.031745493847,1525.0207992936198,2631.2581281602424,3996.2215043784586,6223.556040794965,11101.589657705934,4851.3136993303815,1164.4635260557345,19429.688838387636,19429.688838387636,0.0
356,29.666666666666668,4794.390387680813,4777.03851938093,1506.120958337568,2598.672848352198,3948.2894834394538,6157.778733200631,10972.84498877476,4797.219158009563,1149.0790508856069,19253.496421346754,19253.496421346754,0.0
357,29.75,4740.969151938372,4721.708756783413,1484.122690351364,2566.844517982817,3902.180777438231,6083.336333659684,10868.834131034655,4743.774634855367,1133.918505101671,19078.9521266044,19078.9521266044,0.0
358,29.833333333333332,4688.189267211112,4667.058492704632,1465.0961866568755,2536.20836851479,3853.653960642695,6016.909066420338,10758.397795497487,4690.971634778311,1118.9783020845473,18906.03989950896,18906.03989950896,0.0
359,29.916666666666668,4636.042360690095,4613.066451632306,1444.4515610560645,2503.680423178406,3806.534735006384,5945.483507705926,10654.680077227295,4638.801784111323,1104.254918129281,18734.743849993843,18734.743849993843,0.0
360,30.0,4584.520179149922,4559.7404539950685,1425.5042351714246,2473.152986671155,3764.1142596705113,5873.280816763931,10548.476143466243,4587.256828736251,1089.7448912506306,18565.04825078327,18565.04825078327,0.0
